"Date","Price","Open","High","Low","Vol.","Change %"
"Dec 31, 2021","4,649.25","4,743.45","4,843.80","4,584.24","0.43K","-1.99%"
"Dec 30, 2021","4,743.45","4,645.56","4,804.85","4,589.00","0.13K","2.11%"
"Dec 29, 2021","4,645.56","4,869.29","4,914.04","4,604.84","0.15K","-4.59%"
"Dec 28, 2021","4,869.29","5,168.44","5,168.44","4,814.38","0.18K","-5.79%"
"Dec 27, 2021","5,168.44","5,210.39","5,272.02","5,159.81","0.10K","-0.81%"
"Dec 26, 2021","5,210.39","5,249.62","5,253.25","5,122.97","0.12K","-0.75%"
"Dec 25, 2021","5,249.62","5,168.00","5,287.88","5,151.45","0.07K","1.58%"
"Dec 24, 2021","5,168.00","5,267.83","5,285.85","5,151.03","0.16K","-1.90%"
"Dec 23, 2021","5,267.83","5,116.96","5,309.36","5,000.00","0.11K","2.95%"
"Dec 22, 2021","5,116.96","5,191.00","5,246.54","5,091.00","0.07K","-1.43%"
"Dec 21, 2021","5,191.00","5,080.00","5,246.68","5,031.42","0.31K","2.19%"
"Dec 20, 2021","5,080.00","5,046.86","5,110.30","4,813.11","0.13K","0.66%"
"Dec 19, 2021","5,046.86","5,048.95","5,103.60","4,964.66","0.08K","-0.04%"
"Dec 18, 2021","5,048.95","5,016.57","5,092.99","4,847.33","0.11K","0.65%"
"Dec 17, 2021","5,016.57","5,053.00","5,094.82","4,700.00","0.48K","-0.72%"
"Dec 16, 2021","5,053.00","5,142.38","5,240.00","5,046.51","0.26K","-1.74%"
"Dec 15, 2021","5,142.38","4,967.52","5,234.41","4,730.85","0.32K","3.52%"
"Dec 14, 2021","4,967.52","4,838.33","4,982.92","4,711.16","0.35K","2.67%"
"Dec 13, 2021","4,838.33","5,260.97","5,263.63","4,700.00","0.41K","-8.03%"
"Dec 12, 2021","5,260.97","5,187.19","5,316.35","5,091.43","0.09K","1.42%"
"Dec 11, 2021","5,187.19","4,968.43","5,215.42","4,886.00","0.19K","4.40%"
"Dec 10, 2021","4,968.43","5,230.03","5,362.15","4,952.21","0.29K","-5.00%"
"Dec 09, 2021","5,230.03","5,600.12","5,656.23","5,166.03","0.27K","-6.61%"
"Dec 08, 2021","5,600.12","5,448.74","5,624.06","5,336.48","0.94K","2.78%"
"Dec 07, 2021","5,448.74","5,540.36","5,624.55","5,380.22","0.43K","-1.65%"
"Dec 06, 2021","5,540.36","5,388.83","5,562.61","5,026.30","0.72K","2.81%"
"Dec 05, 2021","5,388.83","5,295.08","5,453.72","5,200.00","0.19K","1.77%"
"Dec 04, 2021","5,295.08","5,423.09","5,455.95","4,644.85","0.73K","-2.36%"
"Dec 03, 2021","5,423.09","5,768.86","5,945.51","5,200.00","0.45K","-5.99%"
"Dec 02, 2021","5,768.86","5,840.67","5,914.03","5,678.92","0.52K","-1.23%"
"Dec 01, 2021","5,840.67","5,892.14","6,050.00","5,775.00","0.42K","-0.87%"
"Nov 30, 2021","5,892.14","5,640.85","6,014.40","5,542.73","0.56K","4.45%"
"Nov 29, 2021","5,640.85","5,436.74","5,657.86","5,359.96","0.90K","3.75%"
"Nov 28, 2021","5,436.74","5,223.33","5,448.01","5,069.60","0.18K","4.09%"
"Nov 27, 2021","5,223.33","5,161.60","5,340.86","5,150.21","0.18K","1.20%"
"Nov 26, 2021","5,161.60","5,738.56","5,762.30","5,000.00","0.59K","-10.05%"
"Nov 25, 2021","5,738.56","5,430.45","5,762.47","5,387.48","0.40K","5.67%"
"Nov 24, 2021","5,430.45","5,516.40","5,546.64","5,300.00","0.26K","-1.56%"
"Nov 23, 2021","5,516.40","5,199.03","5,543.60","5,168.00","0.31K","6.10%"
"Nov 22, 2021","5,199.03","5,354.02","5,430.83","5,118.66","0.65K","-2.89%"
"Nov 21, 2021","5,354.02","5,550.52","5,572.62","5,337.55","0.17K","-3.54%"
"Nov 20, 2021","5,550.52","5,420.65","5,582.56","5,300.00","0.21K","2.40%"
"Nov 19, 2021","5,420.65","5,015.75","5,459.98","4,978.40","0.69K","8.07%"
"Nov 18, 2021","5,015.75","5,415.43","5,480.18","4,865.48","0.83K","-7.37%"
"Nov 17, 2021","5,415.07","5,311.00","5,425.68","5,100.00","0.48K","1.96%"
"Nov 16, 2021","5,311.00","5,680.72","5,680.72","5,173.50","0.71K","-6.69%"
"Nov 15, 2021","5,691.57","5,761.40","5,918.12","5,643.03","0.30K","-1.21%"
"Nov 14, 2021","5,761.40","5,815.60","5,851.26","5,629.01","0.24K","-0.93%"
"Nov 13, 2021","5,815.60","5,879.73","5,905.14","5,747.09","0.21K","-1.09%"
"Nov 12, 2021","5,879.73","5,945.87","6,056.20","5,650.96","0.26K","-1.11%"
"Nov 11, 2021","5,945.87","5,782.15","6,022.36","5,701.66","0.28K","2.83%"
"Nov 10, 2021","5,782.15","5,861.38","6,030.98","5,551.01","0.47K","-1.35%"
"Nov 09, 2021","5,861.38","5,949.99","5,975.00","5,803.14","0.51K","-1.49%"
"Nov 08, 2021","5,949.99","5,702.35","5,950.00","5,702.35","0.41K","4.34%"
"Nov 07, 2021","5,702.35","5,619.60","5,749.99","5,589.35","0.11K","1.47%"
"Nov 06, 2021","5,619.60","5,563.92","5,629.92","5,388.00","0.42K","1.00%"
"Nov 05, 2021","5,563.92","5,653.76","5,692.69","5,522.26","0.23K","-1.59%"
"Nov 04, 2021","5,653.76","5,672.83","5,674.43","5,494.30","0.22K","-0.34%"
"Nov 03, 2021","5,672.83","5,651.96","5,773.00","5,525.01","0.38K","0.39%"
"Nov 02, 2021","5,651.02","5,343.00","5,695.00","5,269.22","0.63K","5.76%"
"Nov 01, 2021","5,343.00","5,316.24","5,393.64","5,125.04","0.25K","0.50%"
"Oct 31, 2021","5,316.24","5,318.22","5,408.87","5,150.00","0.31K","-0.04%"
"Oct 30, 2021","5,318.22","5,451.90","5,469.54","5,250.00","0.24K","-2.45%"
"Oct 29, 2021","5,451.90","5,286.17","5,534.96","5,251.56","0.61K","3.14%"
"Oct 28, 2021","5,286.17","4,853.35","5,309.67","4,842.00","0.36K","8.92%"
"Oct 27, 2021","4,853.35","5,119.99","5,349.09","4,853.35","0.40K","-5.21%"
"Oct 26, 2021","5,119.99","5,170.00","5,322.49","5,089.04","0.66K","-0.97%"
"Oct 25, 2021","5,170.00","5,029.64","5,234.11","5,018.00","0.39K","2.79%"
"Oct 24, 2021","5,029.64","5,126.63","5,156.99","4,900.00","0.13K","-1.89%"
"Oct 23, 2021","5,126.63","4,909.59","5,144.36","4,850.00","0.15K","4.42%"
"Oct 22, 2021","4,909.59","5,008.10","5,150.00","4,815.82","0.32K","-1.97%"
"Oct 21, 2021","5,008.10","5,017.01","5,250.00","4,888.00","0.82K","-0.18%"
"Oct 20, 2021","5,017.01","4,739.70","5,045.94","4,663.35","0.61K","5.85%"
"Oct 19, 2021","4,739.70","4,636.19","4,759.99","4,614.00","0.25K","2.23%"
"Oct 18, 2021","4,636.19","4,723.22","4,797.82","4,525.01","0.33K","-1.84%"
"Oct 17, 2021","4,723.22","4,719.35","4,795.00","4,452.01","0.15K","0.08%"
"Oct 16, 2021","4,719.35","4,760.22","4,850.00","4,676.40","0.17K","-0.86%"
"Oct 15, 2021","4,760.22","4,657.27","4,789.35","4,425.62","0.59K","2.21%"
"Oct 14, 2021","4,657.27","4,465.31","4,685.00","4,423.00","0.59K","4.30%"
"Oct 13, 2021","4,465.31","4,355.95","4,474.02","4,250.26","0.31K","2.51%"
"Oct 12, 2021","4,355.95","4,339.18","4,370.33","4,194.13","0.21K","0.39%"
"Oct 11, 2021","4,339.18","4,234.87","4,449.54","4,182.00","0.26K","2.46%"
"Oct 10, 2021","4,234.87","4,374.16","4,431.59","4,211.00","0.58K","-3.18%"
"Oct 09, 2021","4,374.16","4,437.68","4,477.64","4,374.16","0.17K","-1.43%"
"Oct 08, 2021","4,437.68","4,472.01","4,541.98","4,417.91","0.82K","-0.77%"
"Oct 07, 2021","4,472.01","4,473.03","4,568.01","4,300.00","0.42K","-0.02%"
"Oct 06, 2021","4,473.03","4,397.90","4,564.00","4,204.35","0.71K","1.71%"
"Oct 05, 2021","4,397.90","4,241.50","4,424.00","4,226.64","0.33K","3.69%"
"Oct 04, 2021","4,241.50","4,229.93","4,318.38","4,062.24","0.31K","0.27%"
"Oct 03, 2021","4,229.93","4,226.35","4,371.25","4,186.61","0.40K","0.08%"
"Oct 02, 2021","4,226.35","4,162.50","4,349.71","4,109.58","0.28K","1.53%"
"Oct 01, 2021","4,162.50","3,813.32","4,250.00","3,785.58","0.98K","9.16%"
"Sep 30, 2021","3,813.32","3,625.66","3,864.59","3,617.94","0.40K","5.18%"
"Sep 29, 2021","3,625.66","3,570.32","3,742.07","3,541.38","0.21K","1.55%"
"Sep 28, 2021","3,570.32","3,700.00","3,757.96","3,550.00","0.83K","-3.50%"
"Sep 27, 2021","3,700.00","3,869.43","3,991.72","3,700.00","0.29K","-4.38%"
"Sep 26, 2021","3,869.43","3,731.84","3,937.35","3,489.49","0.22K","3.69%"
"Sep 25, 2021","3,731.84","3,709.89","3,755.69","3,552.61","0.27K","0.59%"
"Sep 24, 2021","3,709.89","3,989.22","3,998.94","3,459.62","0.73K","-7.00%"
"Sep 23, 2021","3,989.22","3,903.64","4,013.75","3,833.29","0.35K","2.19%"
"Sep 22, 2021","3,903.64","3,526.51","3,923.69","3,481.14","0.35K","10.69%"
"Sep 21, 2021","3,526.51","3,769.11","3,930.83","3,405.03","0.68K","-6.44%"
"Sep 20, 2021","3,769.11","4,200.43","4,220.17","3,755.00","0.81K","-10.27%"
"Sep 19, 2021","4,200.43","4,368.62","4,379.22","4,144.19","0.17K","-3.85%"
"Sep 18, 2021","4,368.62","4,360.87","4,505.82","4,306.72","0.16K","0.18%"
"Sep 17, 2021","4,360.87","4,516.39","4,549.60","4,282.84","0.17K","-3.44%"
"Sep 16, 2021","4,516.39","4,572.03","4,674.97","4,428.37","0.21K","-0.74%"
"Sep 15, 2021","4,550.00","4,339.77","4,550.00","4,274.70","0.30K","4.84%"
"Sep 14, 2021","4,339.77","4,140.28","4,355.96","4,134.92","0.29K","4.82%"
"Sep 13, 2021","4,140.28","4,300.00","4,331.53","3,963.46","0.34K","-3.71%"
"Sep 12, 2021","4,300.00","4,151.33","4,375.00","4,100.00","0.37K","3.58%"
"Sep 11, 2021","4,151.33","4,083.12","4,258.39","4,083.12","0.17K","1.67%"
"Sep 10, 2021","4,083.12","4,354.57","4,449.96","4,012.00","0.36K","-6.23%"
"Sep 09, 2021","4,354.57","4,428.52","4,522.09","4,327.43","0.32K","-1.67%"
"Sep 08, 2021","4,428.52","4,333.59","4,525.00","4,067.70","0.73K","2.19%"
"Sep 07, 2021","4,333.59","4,859.14","4,889.10","3,750.00","1.33K","-10.82%"
"Sep 06, 2021","4,859.14","4,900.16","4,930.50","4,805.00","0.20K","-0.84%"
"Sep 05, 2021","4,900.16","4,838.27","4,909.58","4,737.88","0.13K","1.28%"
"Sep 04, 2021","4,838.27","4,915.78","4,930.50","4,728.77","0.35K","-1.58%"
"Sep 03, 2021","4,915.78","4,759.51","4,965.00","4,651.46","0.48K","3.28%"
"Sep 02, 2021","4,759.51","4,792.54","4,799.00","4,610.20","0.45K","-0.69%"
"Sep 01, 2021","4,792.54","4,319.60","4,799.98","4,266.49","0.76K","10.95%"
"Aug 31, 2021","4,319.60","4,065.38","4,341.87","4,016.33","0.35K","6.25%"
"Aug 30, 2021","4,065.38","4,069.19","4,196.37","3,962.37","0.33K","-0.09%"
"Aug 29, 2021","4,069.19","4,100.59","4,140.44","3,995.36","0.15K","-0.77%"
"Aug 28, 2021","4,100.59","4,114.14","4,146.29","4,053.61","0.15K","-0.33%"
"Aug 27, 2021","4,114.14","3,931.00","4,144.08","3,893.91","0.16K","4.66%"
"Aug 26, 2021","3,931.00","4,055.22","4,079.21","3,840.70","0.28K","-3.06%"
"Aug 25, 2021","4,055.22","3,991.34","4,081.78","3,883.53","0.26K","1.60%"
"Aug 24, 2021","3,991.34","4,105.31","4,162.61","3,922.52","0.51K","-2.78%"
"Aug 23, 2021","4,105.31","4,151.92","4,279.08","4,079.00","0.62K","-1.12%"
"Aug 22, 2021","4,151.92","4,139.21","4,178.15","4,015.54","0.21K","0.31%"
"Aug 21, 2021","4,139.21","4,202.38","4,225.00","4,098.53","0.20K","-1.50%"
"Aug 20, 2021","4,202.38","4,071.15","4,226.15","4,060.53","0.63K","3.22%"
"Aug 19, 2021","4,071.15","3,819.08","4,075.64","3,757.59","0.30K","6.60%"
"Aug 18, 2021","3,819.08","3,806.93","3,945.33","3,713.11","0.28K","0.32%"
"Aug 17, 2021","3,806.93","3,955.01","4,136.88","3,774.02","0.46K","-3.74%"
"Aug 16, 2021","3,955.01","4,139.65","4,175.80","3,940.77","0.17K","-4.46%"
"Aug 15, 2021","4,139.65","4,084.23","4,155.62","3,901.00","0.15K","1.36%"
"Aug 14, 2021","4,084.23","4,162.30","4,169.35","4,016.03","0.17K","-1.88%"
"Aug 13, 2021","4,162.30","3,803.35","4,176.06","3,792.48","0.30K","9.44%"
"Aug 12, 2021","3,803.35","3,952.00","4,059.46","3,728.56","0.32K","-3.76%"
"Aug 11, 2021","3,952.00","3,939.26","4,100.00","3,903.64","0.62K","0.32%"
"Aug 10, 2021","3,939.26","3,970.10","4,048.78","3,825.00","0.31K","-0.78%"
"Aug 09, 2021","3,970.10","3,739.70","3,997.67","3,581.63","0.69K","6.16%"
"Aug 08, 2021","3,739.70","3,968.02","3,987.85","3,678.51","0.27K","-5.75%"
"Aug 07, 2021","3,968.02","3,619.69","3,978.00","3,586.29","0.47K","9.62%"
"Aug 06, 2021","3,619.69","3,521.57","3,695.00","3,375.93","0.52K","2.78%"
"Aug 05, 2021","3,521.92","3,404.86","3,549.58","3,175.00","0.43K","3.44%"
"Aug 04, 2021","3,404.86","3,118.91","3,455.00","3,078.45","0.32K","9.17%"
"Aug 03, 2021","3,118.91","3,246.29","3,261.18","3,043.96","0.25K","-3.92%"
"Aug 02, 2021","3,246.29","3,175.82","3,310.00","3,118.58","0.38K","2.22%"
"Aug 01, 2021","3,175.82","3,144.95","3,319.99","3,118.53","0.31K","0.98%"
"Jul 31, 2021","3,144.95","3,065.70","3,154.27","3,006.32","0.26K","2.59%"
"Jul 30, 2021","3,065.70","2,960.25","3,065.70","2,885.91","0.68K","3.56%"
"Jul 29, 2021","2,960.25","2,868.55","2,998.20","2,836.47","0.30K","3.20%"
"Jul 28, 2021","2,868.55","2,891.15","2,930.00","2,812.29","0.36K","-0.78%"
"Jul 27, 2021","2,891.15","2,789.46","2,910.34","2,681.32","0.35K","3.65%"
"Jul 26, 2021","2,789.46","2,747.47","3,010.00","2,732.18","0.64K","1.53%"
"Jul 25, 2021","2,747.47","2,733.44","2,752.84","2,645.18","0.11K","1.61%"
"Jul 24, 2021","2,703.91","2,661.70","2,713.61","2,642.07","0.08K","1.59%"
"Jul 23, 2021","2,661.70","2,538.37","2,661.70","2,515.57","0.29K","4.86%"
"Jul 22, 2021","2,538.37","2,502.40","2,566.02","2,451.77","0.24K","1.44%"
"Jul 21, 2021","2,502.40","2,259.39","2,543.99","2,225.49","0.33K","10.76%"
"Jul 20, 2021","2,259.39","2,320.00","2,346.99","2,185.54","0.52K","-2.61%"
"Jul 19, 2021","2,320.00","2,394.98","2,413.26","2,301.01","0.23K","-3.13%"
"Jul 18, 2021","2,394.98","2,394.97","2,507.82","2,373.22","0.27K","0.00%"
"Jul 17, 2021","2,394.97","2,374.01","2,413.97","2,339.62","0.37K","0.88%"
"Jul 16, 2021","2,374.01","2,415.27","2,469.57","2,335.00","0.33K","-1.71%"
"Jul 15, 2021","2,415.27","2,497.20","2,552.18","2,368.01","0.15K","-3.28%"
"Jul 14, 2021","2,497.20","2,420.77","2,528.99","2,338.70","0.27K","3.16%"
"Jul 13, 2021","2,420.77","2,546.63","2,547.97","2,400.40","0.32K","-4.94%"
"Jul 12, 2021","2,546.63","2,665.58","2,702.38","2,511.00","0.32K","-4.46%"
"Jul 11, 2021","2,665.58","2,630.02","2,705.45","2,589.47","0.12K","1.35%"
"Jul 10, 2021","2,630.02","2,670.00","2,731.25","2,590.70","0.16K","-1.50%"
"Jul 09, 2021","2,670.00","2,646.31","2,724.92","2,567.68","0.19K","0.27%"
"Jul 08, 2021","2,662.70","2,880.06","2,898.70","2,621.57","0.43K","-7.55%"
"Jul 07, 2021","2,880.06","2,896.00","2,978.26","2,880.00","0.41K","0.18%"
"Jul 06, 2021","2,874.76","2,719.04","2,889.83","2,719.04","0.37K","5.73%"
"Jul 05, 2021","2,719.04","2,859.87","2,859.87","2,719.04","1.42K","-4.92%"
"Jul 04, 2021","2,859.87","2,862.73","2,907.85","2,859.87","0.18K","4.80%"
"Jul 03, 2021","2,729.01","2,652.22","2,729.01","2,634.95","0.06K","2.90%"
"Jul 02, 2021","2,652.22","2,625.32","2,652.22","2,606.05","0.13K","1.02%"
"Jul 01, 2021","2,625.32","2,817.00","2,817.00","2,610.08","0.26K","-6.80%"
"Jun 30, 2021","2,817.00","2,669.74","2,817.00","2,669.74","0.32K","5.52%"
"Jun 29, 2021","2,669.74","2,566.12","2,747.89","2,566.12","0.44K","4.04%"
"Jun 28, 2021","2,566.12","2,440.15","2,587.21","2,425.24","0.62K","5.16%"
"Jun 27, 2021","2,440.15","2,252.56","2,440.15","2,252.56","0.30K","8.33%"
"Jun 26, 2021","2,252.56","2,231.98","2,252.56","2,182.90","0.27K","0.92%"
"Jun 25, 2021","2,231.98","2,450.06","2,450.06","2,231.98","0.37K","-8.90%"
"Jun 24, 2021","2,450.06","2,431.60","2,500.00","2,386.84","0.31K","0.76%"
"Jun 23, 2021","2,431.60","2,309.14","2,460.65","2,309.14","0.24K","5.30%"
"Jun 22, 2021","2,309.14","2,333.04","2,426.27","2,197.30","0.96K","-1.02%"
"Jun 21, 2021","2,333.04","2,788.30","2,788.30","2,333.04","0.85K","-16.33%"
"Jun 20, 2021","2,788.30","2,718.76","2,788.30","2,599.38","0.24K","2.56%"
"Jun 19, 2021","2,718.76","2,777.60","2,777.60","2,718.76","0.13K","-2.12%"
"Jun 18, 2021","2,777.60","2,934.88","2,934.88","2,757.96","0.42K","-5.36%"
"Jun 17, 2021","2,934.88","2,902.64","2,999.69","2,902.64","0.44K","1.11%"
"Jun 16, 2021","2,902.64","3,109.78","3,109.78","2,902.64","0.40K","-6.66%"
"Jun 15, 2021","3,109.78","3,136.85","3,151.73","3,101.27","0.44K","-0.86%"
"Jun 14, 2021","3,136.85","3,016.87","3,136.85","2,963.06","0.77K","3.98%"
"Jun 13, 2021","3,016.87","2,861.75","3,016.87","2,809.83","0.34K","5.42%"
"Jun 12, 2021","2,861.75","2,827.24","2,888.05","2,813.15","0.19K","1.22%"
"Jun 11, 2021","2,827.24","2,991.00","2,991.00","2,806.28","0.36K","-5.48%"
"Jun 10, 2021","2,991.00","3,127.63","3,127.63","2,987.86","0.82K","-4.37%"
"Jun 09, 2021","3,127.63","3,046.67","3,127.63","2,964.76","0.71K","2.66%"
"Jun 08, 2021","3,046.67","3,124.69","3,124.69","2,925.08","0.71K","-2.50%"
"Jun 07, 2021","3,124.69","3,281.45","3,398.32","3,124.69","0.40K","-4.78%"
"Jun 06, 2021","3,281.45","3,168.63","3,281.45","3,168.63","0.25K","3.56%"
"Jun 05, 2021","3,168.63","3,247.26","3,349.68","3,168.63","0.21K","-2.42%"
"Jun 04, 2021","3,247.26","3,454.56","3,454.56","3,182.63","0.55K","-6.00%"
"Jun 03, 2021","3,454.56","3,270.00","3,454.56","3,270.00","0.33K","5.64%"
"Jun 02, 2021","3,270.00","3,177.15","3,347.30","3,159.84","0.64K","2.92%"
"Jun 01, 2021","3,177.15","3,257.89","3,257.89","3,082.34","0.36K","-2.48%"
"May 31, 2021","3,257.89","2,890.00","3,257.89","2,823.47","0.34K","12.73%"
"May 30, 2021","2,890.00","2,767.82","2,925.91","2,765.35","0.52K","4.41%"
"May 29, 2021","2,767.82","2,935.09","3,055.83","2,767.82","0.41K","-5.70%"
"May 28, 2021","2,935.09","3,304.45","3,304.97","2,935.09","0.60K","-11.18%"
"May 27, 2021","3,304.45","3,516.10","3,516.10","3,295.71","0.33K","-6.02%"
"May 26, 2021","3,516.10","3,275.57","3,516.10","3,275.57","0.60K","7.34%"
"May 25, 2021","3,275.57","3,184.56","3,275.57","3,123.80","0.84K","2.86%"
"May 24, 2021","3,184.56","2,564.24","3,184.56","2,564.24","1.07K","24.19%"
"May 23, 2021","2,564.24","2,770.98","2,775.68","2,334.46","2.12K","-7.46%"
"May 22, 2021","2,770.98","2,964.05","2,964.05","2,718.62","0.84K","-6.51%"
"May 21, 2021","2,964.05","3,359.23","3,359.23","2,964.05","1.61K","-11.76%"
"May 20, 2021","3,359.23","2,955.48","3,417.78","2,955.48","2.19K","13.66%"
"May 19, 2021","2,955.48","4,075.82","4,075.82","2,955.48","3.66K","-27.49%"
"May 18, 2021","4,075.82","3,952.49","4,200.00","3,952.49","0.84K","3.12%"
"May 17, 2021","3,952.49","4,324.87","4,324.87","3,952.49","1.21K","-8.61%"
"May 16, 2021","4,324.87","4,416.27","4,598.01","4,324.87","1.39K","-2.07%"
"May 15, 2021","4,416.27","4,956.83","4,956.83","4,416.27","0.65K","-10.91%"
"May 14, 2021","4,956.83","4,524.24","4,956.83","4,524.24","0.90K","9.56%"
"May 13, 2021","4,524.24","4,482.48","4,757.61","4,482.48","1.92K","0.93%"
"May 12, 2021","4,482.48","5,046.20","5,260.12","4,482.48","1.34K","-11.17%"
"May 11, 2021","5,046.20","4,817.25","5,046.20","4,684.92","1.30K","4.75%"
"May 10, 2021","4,817.25","4,730.09","4,905.00","4,730.09","1.59K","1.84%"
"May 09, 2021","4,730.09","4,730.00","4,793.53","4,730.00","1.00K","0.00%"
"May 08, 2021","4,730.00","4,232.57","4,730.00","4,232.57","1.28K","11.75%"
"May 07, 2021","4,232.57","4,257.17","4,257.17","4,186.44","0.50K","-0.58%"
"May 06, 2021","4,257.17","4,326.33","4,385.48","4,204.37","0.90K","-1.60%"
"May 05, 2021","4,326.33","4,036.33","4,326.33","4,036.33","1.12K","8.22%"
"May 04, 2021","3,997.62","4,202.42","4,272.05","3,997.62","1.57K","-4.83%"
"May 03, 2021","4,200.29","3,610.52","4,200.29","3,610.52","1.50K","16.33%"
"May 02, 2021","3,610.52","3,625.00","3,625.00","3,535.92","0.81K","-0.40%"
"May 01, 2021","3,625.00","3,415.59","3,625.00","3,415.59","0.86K","6.13%"
"Apr 30, 2021","3,415.59","3,396.76","3,415.59","3,381.23","0.52K","0.55%"
"Apr 29, 2021","3,396.76","3,384.58","3,396.76","3,369.65","0.42K","0.36%"
"Apr 28, 2021","3,384.58","3,317.70","3,384.58","3,252.20","0.56K","2.02%"
"Apr 27, 2021","3,317.70","3,136.28","3,317.70","3,136.28","0.97K","5.78%"
"Apr 26, 2021","3,136.28","2,890.00","3,136.28","2,890.00","0.81K","8.52%"
"Apr 25, 2021","2,890.00","2,786.58","2,890.00","2,786.58","0.47K","3.71%"
"Apr 24, 2021","2,786.58","2,964.34","2,964.34","2,761.55","0.51K","-6.00%"
"Apr 23, 2021","2,964.34","3,008.94","3,008.94","2,879.18","1.32K","-1.48%"
"Apr 22, 2021","3,008.75","2,952.16","3,220.00","2,952.16","1.39K","1.92%"
"Apr 21, 2021","2,952.16","2,946.12","2,952.16","2,854.61","0.61K","0.21%"
"Apr 20, 2021","2,946.12","2,721.27","2,946.12","2,651.86","0.76K","8.26%"
"Apr 19, 2021","2,721.27","2,800.76","2,800.76","2,711.54","1.03K","-2.84%"
"Apr 18, 2021","2,800.76","2,921.18","2,921.18","2,673.26","1.61K","-4.12%"
"Apr 17, 2021","2,921.18","3,036.05","3,109.44","2,921.18","0.51K","-3.78%"
"Apr 16, 2021","3,036.05","3,164.12","3,164.12","3,033.05","0.71K","-4.05%"
"Apr 15, 2021","3,164.12","3,039.99","3,164.12","3,039.99","0.95K","4.08%"
"Apr 14, 2021","3,039.99","2,868.34","3,039.99","2,868.34","1.27K","5.98%"
"Apr 13, 2021","2,868.34","2,691.73","2,868.34","2,691.73","1.47K","6.56%"
"Apr 12, 2021","2,691.73","2,694.22","2,727.81","2,661.73","0.48K","-0.09%"
"Apr 11, 2021","2,694.22","2,645.26","2,694.22","2,643.81","0.42K","1.85%"
"Apr 10, 2021","2,645.26","2,595.24","2,716.94","2,595.24","0.88K","1.93%"
"Apr 09, 2021","2,595.24","2,618.03","2,618.03","2,593.26","0.26K","-0.87%"
"Apr 08, 2021","2,618.03","2,477.92","2,618.03","2,477.92","0.51K","5.65%"
"Apr 07, 2021","2,477.92","2,649.55","2,649.55","2,477.92","0.88K","-6.48%"
"Apr 06, 2021","2,649.55","2,634.43","2,649.55","2,615.25","0.52K","0.57%"
"Apr 05, 2021","2,634.43","2,615.24","2,634.43","2,537.33","0.57K","0.73%"
"Apr 04, 2021","2,615.24","2,520.11","2,615.24","2,520.11","0.45K","3.77%"
"Apr 03, 2021","2,520.11","2,678.80","2,678.80","2,520.11","1.02K","-5.92%"
"Apr 02, 2021","2,678.80","2,465.46","2,678.80","2,465.46","1.35K","8.65%"
"Apr 01, 2021","2,465.46","2,412.93","2,465.46","2,410.22","0.67K","2.18%"
"Mar 31, 2021","2,412.93","2,321.43","2,412.93","2,302.67","0.65K","3.94%"
"Mar 30, 2021","2,321.43","2,287.77","2,325.17","2,267.75","0.55K","1.68%"
"Mar 29, 2021","2,283.09","2,115.73","2,283.09","2,115.73","0.71K","7.91%"
"Mar 28, 2021","2,115.73","2,164.38","2,164.38","2,115.73","0.28K","-2.25%"
"Mar 27, 2021","2,164.38","2,145.68","2,164.38","2,144.68","0.25K","0.87%"
"Mar 26, 2021","2,145.68","2,007.96","2,145.68","2,007.96","0.69K","6.86%"
"Mar 25, 2021","2,007.96","1,995.46","2,036.10","1,978.55","0.74K","0.63%"
"Mar 24, 2021","1,995.46","2,112.42","2,130.19","1,995.46","1.04K","-5.54%"
"Mar 23, 2021","2,112.42","2,115.46","2,134.57","2,083.19","0.74K","-0.14%"
"Mar 22, 2021","2,115.46","2,235.17","2,237.69","2,115.46","0.58K","-5.36%"
"Mar 21, 2021","2,235.17","2,256.22","2,256.22","2,235.17","0.37K","-0.93%"
"Mar 20, 2021","2,256.22","2,267.56","2,311.77","2,256.22","0.27K","-0.50%"
"Mar 19, 2021","2,267.56","2,226.59","2,272.04","2,226.59","0.49K","1.84%"
"Mar 18, 2021","2,226.59","2,255.31","2,275.98","2,226.59","0.60K","-1.27%"
"Mar 17, 2021","2,255.31","2,249.99","2,255.31","2,204.69","0.58K","0.24%"
"Mar 16, 2021","2,249.99","2,243.54","2,270.57","2,147.90","0.51K","0.29%"
"Mar 15, 2021","2,243.54","2,301.04","2,301.04","2,212.24","0.65K","-2.50%"
"Mar 14, 2021","2,301.04","2,389.10","2,389.10","2,301.04","0.38K","-3.69%"
"Mar 13, 2021","2,389.10","2,211.62","2,406.16","2,206.95","0.57K","8.02%"
"Mar 12, 2021","2,211.62","2,295.39","2,295.39","2,211.62","0.44K","-3.65%"
"Mar 11, 2021","2,295.39","2,265.40","2,295.39","2,265.40","0.47K","1.32%"
"Mar 10, 2021","2,265.40","2,369.89","2,376.80","2,265.40","0.71K","-4.41%"
"Mar 09, 2021","2,369.89","2,326.44","2,369.89","2,295.82","0.60K","1.87%"
"Mar 08, 2021","2,326.41","2,193.95","2,326.41","2,189.89","0.82K","6.04%"
"Mar 07, 2021","2,193.95","2,094.08","2,193.95","2,094.08","0.60K","4.77%"
"Mar 06, 2021","2,094.08","1,942.54","2,094.08","1,942.54","0.35K","7.80%"
"Mar 05, 2021","1,942.54","1,956.06","1,958.62","1,882.56","0.41K","-0.69%"
"Mar 04, 2021","1,956.06","1,999.00","2,007.19","1,956.06","0.64K","-2.15%"
"Mar 03, 2021","1,999.00","1,891.50","2,036.87","1,891.50","0.87K","5.68%"
"Mar 02, 2021","1,891.50","1,995.00","1,995.00","1,891.50","0.64K","-5.19%"
"Mar 01, 2021","1,995.00","1,811.52","1,995.00","1,811.52","0.94K","10.13%"