wallet,hash,blockNumber,from,to,date,error,value,cad_value,description,amount,token,gasFee,gasFeeCad,profit,eth_price,eth_balance,average_eth_price,type,category,
0x5042fee4ce5c6aed241a79d9309e1fb640ee3e19,0xc6c58d648ea53dc9094354610a87a2ccc3e35ca2f17f5d0ad84e9be3505e1e28,13186778,0xa69f1ed1b56ce6c07e259799958a62c621ac9d56,0x5042fee4ce5c6aed241a79d9309e1fb640ee3e19,2021-09-08,false,0.0057,25.242564000000005,transfer from alexis_business,0,eth,0,0,0,4428.52,,4428.519922306669,in,normal
0x5042fee4ce5c6aed241a79d9309e1fb640ee3e19,0xe5661c63a900cfdf6d6169b40ff4669206f604317f4ae9059f1cc629eb65a6ad,13335537,0xa239c13c054e498b9be633262574862676d73f7f,0x5042fee4ce5c6aed241a79d9309e1fb640ee3e19,2021-10-01,false,0.19,790.875,transfer from ether_ghosts_owner,0,eth,0,0,0,4162.5,,4170.248150945954,in,normal
0x5042fee4ce5c6aed241a79d9309e1fb640ee3e19,0xaacd8201159c67fa2aaa664dc506d07c83898b3b6181104885c63fb2e7aa0774,13336214,0x5042fee4ce5c6aed241a79d9309e1fb640ee3e19,0x63ad7cd8ad28102aaee0d6abd538e60c9cacc22a,2021-10-01,false,-0.05,-208.125,transfer to ether_ghosts_contract,0,eth,0.029418216358784992,122.45332559344253,0.38740754729769833,4162.5,,4170.248150945954,out,normal
0x5042fee4ce5c6aed241a79d9309e1fb640ee3e19,0xaacd8201159c67fa2aaa664dc506d07c83898b3b6181104885c63fb2e7aa0774,13336214,0x63ad7cd8ad28102aaee0d6abd538e60c9cacc22a,0x5042fee4ce5c6aed241a79d9309e1fb640ee3e19,2021-10-01,false,0.05,208.125,transfer from ether_ghosts_contract,0,eth,0,0,0,4162.5,,4167.9183228938,in,internal
0x5042fee4ce5c6aed241a79d9309e1fb640ee3e19,0xa5900c23544294e9db3d90ec3b51aad54fe5c9378940b2fd392496df9af34b08,13336219,0x5042fee4ce5c6aed241a79d9309e1fb640ee3e19,0x63ad7cd8ad28102aaee0d6abd538e60c9cacc22a,2021-10-01,false,-0.05,-208.125,transfer to ether_ghosts_contract,0,eth,0.03720626055874307,154.87105957576804,0.2709161446899998,4162.5,,4167.9183228938,out,normal
0x5042fee4ce5c6aed241a79d9309e1fb640ee3e19,0xa5900c23544294e9db3d90ec3b51aad54fe5c9378940b2fd392496df9af34b08,13336219,0x63ad7cd8ad28102aaee0d6abd538e60c9cacc22a,0x5042fee4ce5c6aed241a79d9309e1fb640ee3e19,2021-10-01,false,0.05,208.125,transfer from ether_ghosts_contract,0,eth,0,0,0,4162.5,,4165.819423313134,in,internal
0x5042fee4ce5c6aed241a79d9309e1fb640ee3e19,0x25bdd3d6f81ca8cf043b3d38f463889e487b67c9acf362e36f88388ad78cb40c,13336313,0x5042fee4ce5c6aed241a79d9309e1fb640ee3e19,0x63ad7cd8ad28102aaee0d6abd538e60c9cacc22a,2021-10-01,false,-0.05,-208.125,transfer to ether_ghosts_contract,0,eth,0.023677395860201383,98.55716026808825,0.16597116565671968,4162.5,,4165.819423313134,out,normal
0x5042fee4ce5c6aed241a79d9309e1fb640ee3e19,0x25bdd3d6f81ca8cf043b3d38f463889e487b67c9acf362e36f88388ad78cb40c,13336313,0x63ad7cd8ad28102aaee0d6abd538e60c9cacc22a,0x5042fee4ce5c6aed241a79d9309e1fb640ee3e19,2021-10-01,false,0.05,208.125,transfer from ether_ghosts_contract,0,eth,0,0,0,4162.5,,4164.244712391268,in,internal
0x5042fee4ce5c6aed241a79d9309e1fb640ee3e19,0x0e761b339b983221670b0521dfe86f264f305318eca57e7d379e61691a94ecf3,13337612,0x5042fee4ce5c6aed241a79d9309e1fb640ee3e19,0x63ad7cd8ad28102aaee0d6abd538e60c9cacc22a,2021-10-02,false,-0.05,-211.31750000000002,transfer to ether_ghosts_contract,0,eth,0.02072577370955721,87.59437371738713,-3.10526438043662,4226.35,,4164.244712391268,out,normal
0x5042fee4ce5c6aed241a79d9309e1fb640ee3e19,0x0e761b339b983221670b0521dfe86f264f305318eca57e7d379e61691a94ecf3,13337612,0x63ad7cd8ad28102aaee0d6abd538e60c9cacc22a,0x5042fee4ce5c6aed241a79d9309e1fb640ee3e19,2021-10-02,false,0.05,211.31750000000002,transfer from ether_ghosts_contract,0,eth,0,0,0,4226.35,,4200.918595087566,in,internal
0x5042fee4ce5c6aed241a79d9309e1fb640ee3e19,0x34d523113a6595a17248ecffd635b3283bcb233be2d6b02471601f357a932e56,13340151,0xa239c13c054e498b9be633262574862676d73f7f,0x5042fee4ce5c6aed241a79d9309e1fb640ee3e19,2021-10-02,false,0.15,633.9525,transfer from ether_ghosts_owner,0,eth,0,0,0,4226.35,,4217.174068977212,in,normal
0x5042fee4ce5c6aed241a79d9309e1fb640ee3e19,0x3d921655974d2a89c77ad8b6cad867ecb0cc2e4b64593f75ce98e1ca1cfa3bc7,13340152,0x5042fee4ce5c6aed241a79d9309e1fb640ee3e19,0x63ad7cd8ad28102aaee0d6abd538e60c9cacc22a,2021-10-02,false,-0.05,-211.31750000000002,transfer to ether_ghosts_contract,0,eth,0.017187487915786847,72.64033955288575,-0.4587965511394032,4226.35,,4217.174068977212,out,normal
0x5042fee4ce5c6aed241a79d9309e1fb640ee3e19,0x3d921655974d2a89c77ad8b6cad867ecb0cc2e4b64593f75ce98e1ca1cfa3bc7,13340152,0x63ad7cd8ad28102aaee0d6abd538e60c9cacc22a,0x5042fee4ce5c6aed241a79d9309e1fb640ee3e19,2021-10-02,false,0.05,211.31750000000002,transfer from ether_ghosts_contract,0,eth,0,0,0,4226.35,,4219.283623257928,in,internal
0x5042fee4ce5c6aed241a79d9309e1fb640ee3e19,0xcbb650cde4be2bdbf0afc3cb55df6dd6e32a874c24012e7aff3889b9924cb766,13340167,0x5042fee4ce5c6aed241a79d9309e1fb640ee3e19,0x63ad7cd8ad28102aaee0d6abd538e60c9cacc22a,2021-10-02,false,-0.05,-211.31750000000002,transfer to ether_ghosts_contract,0,eth,0.019115171329635514,80.78740434900506,-0.3533188371035976,4226.35,,4219.283623257928,out,normal
0x5042fee4ce5c6aed241a79d9309e1fb640ee3e19,0xcbb650cde4be2bdbf0afc3cb55df6dd6e32a874c24012e7aff3889b9924cb766,13340167,0x63ad7cd8ad28102aaee0d6abd538e60c9cacc22a,0x5042fee4ce5c6aed241a79d9309e1fb640ee3e19,2021-10-02,false,0.05,211.31750000000002,transfer from ether_ghosts_contract,0,eth,0,0,0,4226.35,,4221.06473410907,in,internal
0x5042fee4ce5c6aed241a79d9309e1fb640ee3e19,0x4080040d033bda75f45fb9b1eff91a307d41a4bec50be742aac4a61b978e847e,13340169,0x5042fee4ce5c6aed241a79d9309e1fb640ee3e19,0x63ad7cd8ad28102aaee0d6abd538e60c9cacc22a,2021-10-02,false,-0.05,-211.31750000000002,transfer to ether_ghosts_contract,0,eth,0.017498418136552188,73.95443949141735,-0.2642632945465266,4226.35,,4221.06473410907,out,normal
0x5042fee4ce5c6aed241a79d9309e1fb640ee3e19,0x4080040d033bda75f45fb9b1eff91a307d41a4bec50be742aac4a61b978e847e,13340169,0x63ad7cd8ad28102aaee0d6abd538e60c9cacc22a,0x5042fee4ce5c6aed241a79d9309e1fb640ee3e19,2021-10-02,false,0.05,211.31750000000002,transfer from ether_ghosts_contract,0,eth,0,0,0,4226.35,,4222.525789053488,in,internal
0x5042fee4ce5c6aed241a79d9309e1fb640ee3e19,0x5f0cfb9e363243d1f0564260a91761757e0838f58de95993371122b1613ce133,13340234,0x5042fee4ce5c6aed241a79d9309e1fb640ee3e19,0x63ad7cd8ad28102aaee0d6abd538e60c9cacc22a,2021-10-02,false,-0.05,-211.31750000000002,transfer to ether_ghosts_contract,0,eth,0.01860531497636704,78.63257295036885,-0.19121054732563608,4226.35,,4222.525789053488,out,normal
0x5042fee4ce5c6aed241a79d9309e1fb640ee3e19,0x0a79b298afb3fd68d4de58b999451595ce084487bf72d89913819bb980042794,13340234,0x5042fee4ce5c6aed241a79d9309e1fb640ee3e19,0x63ad7cd8ad28102aaee0d6abd538e60c9cacc22a,2021-10-02,false,-0.05,-211.31750000000002,transfer to ether_ghosts_contract,0,eth,0.01860531497636704,78.63257295036885,-0.19121054732563608,4226.35,,4222.525789053488,out,normal
0x5042fee4ce5c6aed241a79d9309e1fb640ee3e19,0x5f0cfb9e363243d1f0564260a91761757e0838f58de95993371122b1613ce133,13340234,0x63ad7cd8ad28102aaee0d6abd538e60c9cacc22a,0x5042fee4ce5c6aed241a79d9309e1fb640ee3e19,2021-10-02,false,0.05,211.31750000000002,transfer from ether_ghosts_contract,0,eth,0,0,0,4226.35,,4224.567309507078,in,internal
0x5042fee4ce5c6aed241a79d9309e1fb640ee3e19,0x0a79b298afb3fd68d4de58b999451595ce084487bf72d89913819bb980042794,13340234,0x63ad7cd8ad28102aaee0d6abd538e60c9cacc22a,0x5042fee4ce5c6aed241a79d9309e1fb640ee3e19,2021-10-02,false,0.05,211.31750000000002,transfer from ether_ghosts_contract,0,eth,0,0,0,4226.35,,4225.1877584922295,in,internal
0x5042fee4ce5c6aed241a79d9309e1fb640ee3e19,0x3a98ee56417ee3cbf7892f42a367abad83491ecb5ef19ce4910aee9c492479d0,13340245,0x5042fee4ce5c6aed241a79d9309e1fb640ee3e19,0x63ad7cd8ad28102aaee0d6abd538e60c9cacc22a,2021-10-02,false,-0.05,-211.31750000000002,transfer to ether_ghosts_contract,0,eth,0.018567512647279,78.4728070768276,-0.05811207538854433,4226.35,,4225.1877584922295,out,normal
0x5042fee4ce5c6aed241a79d9309e1fb640ee3e19,0x3a98ee56417ee3cbf7892f42a367abad83491ecb5ef19ce4910aee9c492479d0,13340245,0x63ad7cd8ad28102aaee0d6abd538e60c9cacc22a,0x5042fee4ce5c6aed241a79d9309e1fb640ee3e19,2021-10-02,false,0.05,211.31750000000002,transfer from ether_ghosts_contract,0,eth,0,0,0,4226.35,,4225.65230559552,in,internal
0x5042fee4ce5c6aed241a79d9309e1fb640ee3e19,0x0aade3caeca370ae9631e0fec38d2cb50714f150a709cbf7bad3d216d06cb4cf,13340277,0x5042fee4ce5c6aed241a79d9309e1fb640ee3e19,0x63ad7cd8ad28102aaee0d6abd538e60c9cacc22a,2021-10-02,false,-0.05,-211.31750000000002,transfer to ether_ghosts_contract,0,eth,0.02106654518298914,89.03459323412616,-0.034884720223999466,4226.35,,4225.65230559552,out,normal
0x5042fee4ce5c6aed241a79d9309e1fb640ee3e19,0x0aade3caeca370ae9631e0fec38d2cb50714f150a709cbf7bad3d216d06cb4cf,13340277,0x63ad7cd8ad28102aaee0d6abd538e60c9cacc22a,0x5042fee4ce5c6aed241a79d9309e1fb640ee3e19,2021-10-02,false,0.05,211.31750000000002,transfer from ether_ghosts_contract,0,eth,0,0,0,4226.35,,4225.98764580209,in,internal
0x5042fee4ce5c6aed241a79d9309e1fb640ee3e19,0x39e04bb0c41a78fe33c473cacbc6c8c37a5dbfede8d5f764df26bc2bfa177dc2,13341787,0x5042fee4ce5c6aed241a79d9309e1fb640ee3e19,0x63ad7cd8ad28102aaee0d6abd538e60c9cacc22a,2021-10-02,false,-0.05,-211.31750000000002,transfer to ether_ghosts_contract,0,eth,0.0166989290454257,70.57551877113491,-0.018117709895523148,4226.35,,4225.98764580209,out,normal
0x5042fee4ce5c6aed241a79d9309e1fb640ee3e19,0x5e3c59bd9a4bcc07643f0fe33dba8f254d953b22fbecc26e64f5fe9529d6073f,13341787,0x5042fee4ce5c6aed241a79d9309e1fb640ee3e19,0x63ad7cd8ad28102aaee0d6abd538e60c9cacc22a,2021-10-02,false,-0.05,-211.31750000000002,transfer to ether_ghosts_contract,0,eth,0.0166989290454257,70.57551877113491,-0.018117709895523148,4226.35,,4225.98764580209,out,normal
0x5042fee4ce5c6aed241a79d9309e1fb640ee3e19,0x39e04bb0c41a78fe33c473cacbc6c8c37a5dbfede8d5f764df26bc2bfa177dc2,13341787,0x63ad7cd8ad28102aaee0d6abd538e60c9cacc22a,0x5042fee4ce5c6aed241a79d9309e1fb640ee3e19,2021-10-02,false,0.05,211.31750000000002,transfer from ether_ghosts_contract,0,eth,0,0,0,4226.35,,4226.865900885331,in,internal
0x5042fee4ce5c6aed241a79d9309e1fb640ee3e19,0x5e3c59bd9a4bcc07643f0fe33dba8f254d953b22fbecc26e64f5fe9529d6073f,13341787,0x63ad7cd8ad28102aaee0d6abd538e60c9cacc22a,0x5042fee4ce5c6aed241a79d9309e1fb640ee3e19,2021-10-02,false,0.05,211.31750000000002,transfer from ether_ghosts_contract,0,eth,0,0,0,4226.35,,4226.500674626515,in,internal
0x5042fee4ce5c6aed241a79d9309e1fb640ee3e19,0xd541b824e5aa0a146659ecc4d8b8a216a5ccbce8e81e0d976547255d37c7ec22,13342381,0x5042fee4ce5c6aed241a79d9309e1fb640ee3e19,0xc532689a88a5dbc7d5bdf4886c9a340466d3e125,2021-10-02,false,-0.06949353146800016,-293.7039867197825,transfer to ether_ghosts_buyer_1,0,eth,0.001074838580529,4.542644034818739,0.010470911899146259,4226.35,,4226.500674626515,out,normal
0x5042fee4ce5c6aed241a79d9309e1fb640ee3e19,0x029099150d48ef9236f7a7084d660c2062463ce8476756a331a4dfef7a4e1633,13342444,0xa239c13c054e498b9be633262574862676d73f7f,0x5042fee4ce5c6aed241a79d9309e1fb640ee3e19,2021-10-02,false,0.15,633.9525,transfer from ether_ghosts_owner,0,eth,0,0,0,4226.35,,4226.350057790857,in,normal
0x5042fee4ce5c6aed241a79d9309e1fb640ee3e19,0x2939d11d6b0f52bc4c44f8a595ec30d30526c80f8ee5a7e01bc65425cbe11a36,13342450,0x5042fee4ce5c6aed241a79d9309e1fb640ee3e19,0x63ad7cd8ad28102aaee0d6abd538e60c9cacc22a,2021-10-02,false,-0.05,-211.31750000000002,transfer to ether_ghosts_contract,0,eth,0.009327507156872037,39.42130987244614,0.0000028895428386022106,4226.35,,4226.350057790857,out,normal
0x5042fee4ce5c6aed241a79d9309e1fb640ee3e19,0x2939d11d6b0f52bc4c44f8a595ec30d30526c80f8ee5a7e01bc65425cbe11a36,13342450,0x63ad7cd8ad28102aaee0d6abd538e60c9cacc22a,0x5042fee4ce5c6aed241a79d9309e1fb640ee3e19,2021-10-02,false,0.05,211.31750000000002,transfer from ether_ghosts_contract,0,eth,0,0,0,4226.35,,4226.350034255643,in,internal
0x5042fee4ce5c6aed241a79d9309e1fb640ee3e19,0x8a9a5533847d553bed7bc26b65beb95b1ef4550a2da30cbc33e3ef77cc75c0ad,13342456,0x5042fee4ce5c6aed241a79d9309e1fb640ee3e19,0x63ad7cd8ad28102aaee0d6abd538e60c9cacc22a,2021-10-02,false,-0.05,-211.31750000000002,transfer to ether_ghosts_contract,0,eth,0.012634272283515708,53.396856665436616,0.0000017127821138274158,4226.35,,4226.350034255643,out,normal
0x5042fee4ce5c6aed241a79d9309e1fb640ee3e19,0x8a9a5533847d553bed7bc26b65beb95b1ef4550a2da30cbc33e3ef77cc75c0ad,13342456,0x63ad7cd8ad28102aaee0d6abd538e60c9cacc22a,0x5042fee4ce5c6aed241a79d9309e1fb640ee3e19,2021-10-02,false,0.05,211.31750000000002,transfer from ether_ghosts_contract,0,eth,0,0,0,4226.35,,4226.350017585534,in,internal
0x5042fee4ce5c6aed241a79d9309e1fb640ee3e19,0xafaa5995d88d4f002059ca430694634a19e95f27547c44eae67566b9c224a229,13342459,0x5042fee4ce5c6aed241a79d9309e1fb640ee3e19,0x63ad7cd8ad28102aaee0d6abd538e60c9cacc22a,2021-10-02,false,-0.05,-211.31750000000002,transfer to ether_ghosts_contract,0,eth,0.01390026343571813,58.74737837154732,8.792766948317877e-7,4226.35,,4226.350017585534,out,normal
0x5042fee4ce5c6aed241a79d9309e1fb640ee3e19,0xafaa5995d88d4f002059ca430694634a19e95f27547c44eae67566b9c224a229,13342459,0x63ad7cd8ad28102aaee0d6abd538e60c9cacc22a,0x5042fee4ce5c6aed241a79d9309e1fb640ee3e19,2021-10-02,false,0.05,211.31750000000002,transfer from ether_ghosts_contract,0,eth,0,0,0,4226.35,,4226.350006185088,in,internal
0x5042fee4ce5c6aed241a79d9309e1fb640ee3e19,0x28a0140065620f8e3cf57cab72f7498ba8e5d8f635d1155f0d4145524510af4d,13342469,0x5042fee4ce5c6aed241a79d9309e1fb640ee3e19,0x63ad7cd8ad28102aaee0d6abd538e60c9cacc22a,2021-10-02,false,-0.05,-211.31750000000002,transfer to ether_ghosts_contract,0,eth,0.01521929059608276,64.32204881075438,3.092543920502067e-7,4226.35,,4226.350006185088,out,normal
0x5042fee4ce5c6aed241a79d9309e1fb640ee3e19,0x28a0140065620f8e3cf57cab72f7498ba8e5d8f635d1155f0d4145524510af4d,13342469,0x63ad7cd8ad28102aaee0d6abd538e60c9cacc22a,0x5042fee4ce5c6aed241a79d9309e1fb640ee3e19,2021-10-02,false,0.05,211.31750000000002,transfer from ether_ghosts_contract,0,eth,0,0,0,4226.35,,4226.3499987907,in,internal
0x5042fee4ce5c6aed241a79d9309e1fb640ee3e19,0x94c718d15b7beec232d608a24c2ef5cd99ec1812d2bfdda4db37fe778df5d75b,13342475,0x5042fee4ce5c6aed241a79d9309e1fb640ee3e19,0x63ad7cd8ad28102aaee0d6abd538e60c9cacc22a,2021-10-02,false,-0.05,-211.31750000000002,transfer to ether_ghosts_contract,0,eth,0.012413070910468572,52.46198224245885,-6.046502676326782e-8,4226.35,,4226.3499987907,out,normal
0x5042fee4ce5c6aed241a79d9309e1fb640ee3e19,0x94c718d15b7beec232d608a24c2ef5cd99ec1812d2bfdda4db37fe778df5d75b,13342475,0x63ad7cd8ad28102aaee0d6abd538e60c9cacc22a,0x5042fee4ce5c6aed241a79d9309e1fb640ee3e19,2021-10-02,false,0.05,211.31750000000002,transfer from ether_ghosts_contract,0,eth,0,0,0,4226.35,,4226.349994606954,in,internal
0x5042fee4ce5c6aed241a79d9309e1fb640ee3e19,0xcaae8cc048abacda0c14461c88b811c081f16b77ad12d5dccde69dba709e8071,13342971,0xa239c13c054e498b9be633262574862676d73f7f,0x5042fee4ce5c6aed241a79d9309e1fb640ee3e19,2021-10-03,false,0.13,549.8909000000001,transfer from ether_ghosts_owner,0,eth,0,0,0,4229.93,,4228.498994787853,in,normal
0x5042fee4ce5c6aed241a79d9309e1fb640ee3e19,0xc18e38c991593662d437c66f3226919f1391d8579ceb7b43d8cc3f470f4f8e17,13343105,0x5042fee4ce5c6aed241a79d9309e1fb640ee3e19,0x63ad7cd8ad28102aaee0d6abd538e60c9cacc22a,2021-10-03,false,-0.05,-211.49650000000003,transfer to ether_ghosts_contract,0,eth,0.026140590231335217,110.57286683723179,-0.07155026060736418,4229.93,,4228.498994787853,out,normal
0x5042fee4ce5c6aed241a79d9309e1fb640ee3e19,0xc18e38c991593662d437c66f3226919f1391d8579ceb7b43d8cc3f470f4f8e17,13343105,0x63ad7cd8ad28102aaee0d6abd538e60c9cacc22a,0x5042fee4ce5c6aed241a79d9309e1fb640ee3e19,2021-10-03,false,0.05,211.49650000000003,transfer from ether_ghosts_contract,0,eth,0,0,0,4229.93,,4228.874731693997,in,internal
0x5042fee4ce5c6aed241a79d9309e1fb640ee3e19,0x419344a8787a9ed3b4eb3d62ce8e42ebff7b27d99079eba452120e83c317fa73,13343108,0x5042fee4ce5c6aed241a79d9309e1fb640ee3e19,0x63ad7cd8ad28102aaee0d6abd538e60c9cacc22a,2021-10-03,false,-0.05,-211.49650000000003,transfer to ether_ghosts_contract,0,eth,0.02324120254205429,98.3086598687117,-0.05276341530015998,4229.93,,4228.874731693997,out,normal
0x5042fee4ce5c6aed241a79d9309e1fb640ee3e19,0x419344a8787a9ed3b4eb3d62ce8e42ebff7b27d99079eba452120e83c317fa73,13343108,0x63ad7cd8ad28102aaee0d6abd538e60c9cacc22a,0x5042fee4ce5c6aed241a79d9309e1fb640ee3e19,2021-10-03,false,0.05,211.49650000000003,transfer from ether_ghosts_contract,0,eth,0,0,0,4229.93,,4229.1903297232475,in,internal
0x5042fee4ce5c6aed241a79d9309e1fb640ee3e19,0x1781041b8bac9de6f1b025fd6bb9dbe36226af575d3e3fcbc7edb4484e358c94,13343131,0x5042fee4ce5c6aed241a79d9309e1fb640ee3e19,0x63ad7cd8ad28102aaee0d6abd538e60c9cacc22a,2021-10-03,false,-0.05,-211.49650000000003,transfer to ether_ghosts_contract,0,eth,0.015146556736924999,64.06887473822117,-0.0369835138376402,4229.93,,4229.1903297232475,out,normal
0x5042fee4ce5c6aed241a79d9309e1fb640ee3e19,0x1781041b8bac9de6f1b025fd6bb9dbe36226af575d3e3fcbc7edb4484e358c94,13343131,0x63ad7cd8ad28102aaee0d6abd538e60c9cacc22a,0x5042fee4ce5c6aed241a79d9309e1fb640ee3e19,2021-10-03,false,0.05,211.49650000000003,transfer from ether_ghosts_contract,0,eth,0,0,0,4229.93,,4229.433579349379,in,internal
0x5042fee4ce5c6aed241a79d9309e1fb640ee3e19,0xf4d4fa50ab0581063d6a294bea34a1f3dca3747caeccf53a355be5a52cea18c7,13348664,0xa239c13c054e498b9be633262574862676d73f7f,0x5042fee4ce5c6aed241a79d9309e1fb640ee3e19,2021-10-03,false,0.15,634.4895,transfer from ether_ghosts_owner,0,eth,0,0,0,4229.93,,4229.680113797634,in,normal
0x5042fee4ce5c6aed241a79d9309e1fb640ee3e19,0xa75482a58d6e9cf7ffe895400b390b8b2468d722d6f8c1e063815a9b21c16a9d,13348706,0x5042fee4ce5c6aed241a79d9309e1fb640ee3e19,0x7be8076f4ea4a4ad08075c2508e481d6c946d12b,2021-10-03,false,-0.02,-84.5986,transfer to opensea_contract,0,eth,0.014868900581180754,62.89440863535391,-0.004997724047334486,4229.93,,4229.680113797634,out,normal
0x5042fee4ce5c6aed241a79d9309e1fb640ee3e19,0x1cbed4fc73bdbcf803b043b1ebc016a1ff3abb5d3fc039f3f46f294f2ba14daf,13348732,0x5042fee4ce5c6aed241a79d9309e1fb640ee3e19,0x7be8076f4ea4a4ad08075c2508e481d6c946d12b,2021-10-03,false,-0.025,-105.74825000000001,transfer to opensea_contract,0,eth,0.01320990105377038,55.876956764374945,-0.006247155059168109,4229.93,,4229.680113797634,out,normal
0x5042fee4ce5c6aed241a79d9309e1fb640ee3e19,0x1d13599618d3ce6891c3052b8ec9887713f822afed020d178869ad4db18f5ad6,13348739,0x5042fee4ce5c6aed241a79d9309e1fb640ee3e19,0x7be8076f4ea4a4ad08075c2508e481d6c946d12b,2021-10-03,false,-0.025,-105.74825000000001,transfer to opensea_contract,0,eth,0.01305377263259386,55.21654447178775,-0.006247155059168109,4229.93,,4229.680113797634,out,normal
0x5042fee4ce5c6aed241a79d9309e1fb640ee3e19,0x227f5ad3018dafb6038305a6275e4333ff993fef96156ac84b07f443ac412716,13348769,0x5042fee4ce5c6aed241a79d9309e1fb640ee3e19,0x63ad7cd8ad28102aaee0d6abd538e60c9cacc22a,2021-10-03,false,-0.05,-211.49650000000003,transfer to ether_ghosts_contract,0,eth,0.018767787258687586,79.38642635914039,-0.012494310118336217,4229.93,,4229.680113797634,out,normal
0x5042fee4ce5c6aed241a79d9309e1fb640ee3e19,0x227f5ad3018dafb6038305a6275e4333ff993fef96156ac84b07f443ac412716,13348769,0x63ad7cd8ad28102aaee0d6abd538e60c9cacc22a,0x5042fee4ce5c6aed241a79d9309e1fb640ee3e19,2021-10-03,false,0.05,211.49650000000003,transfer from ether_ghosts_contract,0,eth,0,0,0,4229.93,,4229.752694761493,in,internal
0x5042fee4ce5c6aed241a79d9309e1fb640ee3e19,0xff6216528a09a5a1457d5f1801a7306a0916f7b82cf09ad048fa75ae9d8f4513,13348773,0x5042fee4ce5c6aed241a79d9309e1fb640ee3e19,0x63ad7cd8ad28102aaee0d6abd538e60c9cacc22a,2021-10-03,false,-0.05,-211.49650000000003,transfer to ether_ghosts_contract,0,eth,0.02012440771396569,85.1248359215349,-0.008865261925348023,4229.93,,4229.752694761493,out,normal
0x5042fee4ce5c6aed241a79d9309e1fb640ee3e19,0x5833ca1b02e5fd159dd38020cdc0b7fd71b677df33cf7aa1a260a4df4ed68def,13348773,0x5042fee4ce5c6aed241a79d9309e1fb640ee3e19,0x63ad7cd8ad28102aaee0d6abd538e60c9cacc22a,2021-10-03,false,-0.05,-211.49650000000003,transfer to ether_ghosts_contract,0,eth,0.02012440771396569,85.1248359215349,-0.008865261925348023,4229.93,,4229.752694761493,out,normal
0x5042fee4ce5c6aed241a79d9309e1fb640ee3e19,0xff6216528a09a5a1457d5f1801a7306a0916f7b82cf09ad048fa75ae9d8f4513,13348773,0x63ad7cd8ad28102aaee0d6abd538e60c9cacc22a,0x5042fee4ce5c6aed241a79d9309e1fb640ee3e19,2021-10-03,false,0.05,211.49650000000003,transfer from ether_ghosts_contract,0,eth,0,0,0,4229.93,,4229.860949847205,in,internal
0x5042fee4ce5c6aed241a79d9309e1fb640ee3e19,0x5833ca1b02e5fd159dd38020cdc0b7fd71b677df33cf7aa1a260a4df4ed68def,13348773,0x63ad7cd8ad28102aaee0d6abd538e60c9cacc22a,0x5042fee4ce5c6aed241a79d9309e1fb640ee3e19,2021-10-03,false,0.05,211.49650000000003,transfer from ether_ghosts_contract,0,eth,0,0,0,4229.93,,4229.887124126993,in,internal
0x5042fee4ce5c6aed241a79d9309e1fb640ee3e19,0x14fffa395fca8509de848196ba865a03357f0fcd1f15b51fba6841f2e23b92f6,13348786,0x5042fee4ce5c6aed241a79d9309e1fb640ee3e19,0x63ad7cd8ad28102aaee0d6abd538e60c9cacc22a,2021-10-03,false,-0.05,-211.49650000000003,transfer to ether_ghosts_contract,0,eth,0.018182176504033407,76.90933385970604,-0.002143793650384396,4229.93,,4229.887124126993,out,normal
0x5042fee4ce5c6aed241a79d9309e1fb640ee3e19,0x14fffa395fca8509de848196ba865a03357f0fcd1f15b51fba6841f2e23b92f6,13348786,0x63ad7cd8ad28102aaee0d6abd538e60c9cacc22a,0x5042fee4ce5c6aed241a79d9309e1fb640ee3e19,2021-10-03,false,0.05,211.49650000000003,transfer from ether_ghosts_contract,0,eth,0,0,0,4229.93,,4229.9059741955325,in,internal
0x5042fee4ce5c6aed241a79d9309e1fb640ee3e19,0x9249212918203ee7afc65e09df6ada39b0d131dbb47bfb6dec6f610ee0fb78bf,13348788,0x5042fee4ce5c6aed241a79d9309e1fb640ee3e19,0x63ad7cd8ad28102aaee0d6abd538e60c9cacc22a,2021-10-03,false,-0.05,-211.49650000000003,transfer to ether_ghosts_contract,0,eth,0.02076797723729632,87.84708995535684,-0.001201290223389151,4229.93,,4229.9059741955325,out,normal
0x5042fee4ce5c6aed241a79d9309e1fb640ee3e19,0x9249212918203ee7afc65e09df6ada39b0d131dbb47bfb6dec6f610ee0fb78bf,13348788,0x63ad7cd8ad28102aaee0d6abd538e60c9cacc22a,0x5042fee4ce5c6aed241a79d9309e1fb640ee3e19,2021-10-03,false,0.05,211.49650000000003,transfer from ether_ghosts_contract,0,eth,0,0,0,4229.93,,4229.9188953222,in,internal
0x5042fee4ce5c6aed241a79d9309e1fb640ee3e19,0x50882de4645d05bce2f9c0ad80f3f76ab64bfea2ff06fa65d4119d48f05d3fa7,13349233,0xa239c13c054e498b9be633262574862676d73f7f,0x5042fee4ce5c6aed241a79d9309e1fb640ee3e19,2021-10-03,false,0.15,634.4895,transfer from ether_ghosts_owner,0,eth,0,0,0,4229.93,,4229.925750062043,in,normal
0x5042fee4ce5c6aed241a79d9309e1fb640ee3e19,0x7771130c68dfd7a1a6a2d30a46dbe8604c3b82932c00fc68d992a5d6cb65c132,13349233,0x5042fee4ce5c6aed241a79d9309e1fb640ee3e19,0x63ad7cd8ad28102aaee0d6abd538e60c9cacc22a,2021-10-03,false,-0.05,-211.49650000000003,transfer to ether_ghosts_contract,0,eth,0.01309150357412426,55.376143713295434,-0.00021249689784781368,4229.93,,4229.925750062043,out,normal
0x5042fee4ce5c6aed241a79d9309e1fb640ee3e19,0x15394bf3b2075af6275f4261543a15c72b0c8caf98d3c0b4f60ea3f2dcaf867d,13349233,0x5042fee4ce5c6aed241a79d9309e1fb640ee3e19,0x7be8076f4ea4a4ad08075c2508e481d6c946d12b,2021-10-03,false,-0.0499,-211.073507,transfer to opensea_contract,0,eth,0.007705554867416049,32.59395770032917,-0.00021207190405211803,4229.93,,4229.925750062043,out,normal
0x5042fee4ce5c6aed241a79d9309e1fb640ee3e19,0x7771130c68dfd7a1a6a2d30a46dbe8604c3b82932c00fc68d992a5d6cb65c132,13349233,0x63ad7cd8ad28102aaee0d6abd538e60c9cacc22a,0x5042fee4ce5c6aed241a79d9309e1fb640ee3e19,2021-10-03,false,0.05,211.49650000000003,transfer from ether_ghosts_contract,0,eth,0,0,0,4229.93,,4229.926981323111,in,internal
0x5042fee4ce5c6aed241a79d9309e1fb640ee3e19,0x75bc1ebda69a48a0665b58ac472cc9bb6c850f74c157bc02fdace9f2a7bf8b76,13349735,0x5042fee4ce5c6aed241a79d9309e1fb640ee3e19,0x7be8076f4ea4a4ad08075c2508e481d6c946d12b,2021-10-04,false,-0.0499,-211.65085,transfer to opensea_contract,0,eth,0.007353457634477128,31.189690556634737,-0.5774936319767486,4241.5,,4229.926981323111,out,normal
0x5042fee4ce5c6aed241a79d9309e1fb640ee3e19,0xe7cb0a81f536873ee8102a5f10c5f73e042ce366fb408a5316fba677b1044365,13349739,0xa239c13c054e498b9be633262574862676d73f7f,0x5042fee4ce5c6aed241a79d9309e1fb640ee3e19,2021-10-04,false,0.09,381.735,transfer from ether_ghosts_owner,0,eth,0,0,0,4241.5,,4235.008120117627,in,normal
0x5042fee4ce5c6aed241a79d9309e1fb640ee3e19,0xfc753244cadb07bb267d79c1b5e398ef16a74aafaf30d9550ee75496d98603cc,13349746,0x5042fee4ce5c6aed241a79d9309e1fb640ee3e19,0x63ad7cd8ad28102aaee0d6abd538e60c9cacc22a,2021-10-04,false,-0.05,-212.07500000000002,transfer to ether_ghosts_contract,0,eth,0.01324084310773568,56.16103604146089,-0.3245939941186407,4241.5,,4235.008120117627,out,normal
0x5042fee4ce5c6aed241a79d9309e1fb640ee3e19,0xfc753244cadb07bb267d79c1b5e398ef16a74aafaf30d9550ee75496d98603cc,13349746,0x63ad7cd8ad28102aaee0d6abd538e60c9cacc22a,0x5042fee4ce5c6aed241a79d9309e1fb640ee3e19,2021-10-04,false,0.05,212.07500000000002,transfer from ether_ghosts_contract,0,eth,0,0,0,4241.5,,4236.700943013982,in,internal
0x5042fee4ce5c6aed241a79d9309e1fb640ee3e19,0x919d4c34091feb5221efb07dd6f5d109da540d2823b94007998cf4cd9f62ec93,13349755,0x5042fee4ce5c6aed241a79d9309e1fb640ee3e19,0x63ad7cd8ad28102aaee0d6abd538e60c9cacc22a,2021-10-04,false,-0.05,-212.07500000000002,transfer to ether_ghosts_contract,0,eth,0.013827577295474076,58.64966909875329,-0.2399528493008802,4241.5,,4236.700943013982,out,normal
0x5042fee4ce5c6aed241a79d9309e1fb640ee3e19,0x919d4c34091feb5221efb07dd6f5d109da540d2823b94007998cf4cd9f62ec93,13349755,0x63ad7cd8ad28102aaee0d6abd538e60c9cacc22a,0x5042fee4ce5c6aed241a79d9309e1fb640ee3e19,2021-10-04,false,0.05,212.07500000000002,transfer from ether_ghosts_contract,0,eth,0,0,0,4241.5,,4238.049601494026,in,internal
0x5042fee4ce5c6aed241a79d9309e1fb640ee3e19,0x7a3173ddc8b9e4d1825829d27aafa89f12ae6d1b6fa03019a4b6c622271818a3,13349775,0x5042fee4ce5c6aed241a79d9309e1fb640ee3e19,0x63ad7cd8ad28102aaee0d6abd538e60c9cacc22a,2021-10-04,false,-0.05,-212.07500000000002,transfer to ether_ghosts_contract,0,eth,0.015567616305519,66.03004455985884,-0.17251992529868404,4241.5,,4238.049601494026,out,normal
0x5042fee4ce5c6aed241a79d9309e1fb640ee3e19,0x7a3173ddc8b9e4d1825829d27aafa89f12ae6d1b6fa03019a4b6c622271818a3,13349775,0x63ad7cd8ad28102aaee0d6abd538e60c9cacc22a,0x5042fee4ce5c6aed241a79d9309e1fb640ee3e19,2021-10-04,false,0.05,212.07500000000002,transfer from ether_ghosts_contract,0,eth,0,0,0,4241.5,,4239.112229585522,in,internal
0x5042fee4ce5c6aed241a79d9309e1fb640ee3e19,0x6dc1ca62d964d058b7d139d710bb491f1d3edddb03b4dca98f935dda0ef31f95,13349776,0x5042fee4ce5c6aed241a79d9309e1fb640ee3e19,0x63ad7cd8ad28102aaee0d6abd538e60c9cacc22a,2021-10-04,false,-0.05,-212.07500000000002,transfer to ether_ghosts_contract,0,eth,0.01747095283568001,74.10304645253676,-0.11938852072389637,4241.5,,4239.112229585522,out,normal
0x5042fee4ce5c6aed241a79d9309e1fb640ee3e19,0x0c3ff46d2334f0013edb3f1af98be233cb173b2ddfb17fc843466bf35dc12107,13349776,0x5042fee4ce5c6aed241a79d9309e1fb640ee3e19,0x63ad7cd8ad28102aaee0d6abd538e60c9cacc22a,2021-10-04,false,-0.05,-212.07500000000002,transfer to ether_ghosts_contract,0,eth,0.01747095283568001,74.10304645253676,-0.11938852072389637,4241.5,,4239.112229585522,out,normal
0x5042fee4ce5c6aed241a79d9309e1fb640ee3e19,0x6dc1ca62d964d058b7d139d710bb491f1d3edddb03b4dca98f935dda0ef31f95,13349776,0x63ad7cd8ad28102aaee0d6abd538e60c9cacc22a,0x5042fee4ce5c6aed241a79d9309e1fb640ee3e19,2021-10-04,false,0.05,212.07500000000002,transfer from ether_ghosts_contract,0,eth,0,0,0,4241.5,,4240.654515835932,in,internal
0x5042fee4ce5c6aed241a79d9309e1fb640ee3e19,0x0c3ff46d2334f0013edb3f1af98be233cb173b2ddfb17fc843466bf35dc12107,13349776,0x63ad7cd8ad28102aaee0d6abd538e60c9cacc22a,0x5042fee4ce5c6aed241a79d9309e1fb640ee3e19,2021-10-04,false,0.05,212.07500000000002,transfer from ether_ghosts_contract,0,eth,0,0,0,4241.5,,4240.986309610115,in,internal
0x5042fee4ce5c6aed241a79d9309e1fb640ee3e19,0xacf1cd0fd484974375e9d5ae2f2e6bb771ae6c05e4621400e5f277ebfddf0eb9,13355615,0xa239c13c054e498b9be633262574862676d73f7f,0x5042fee4ce5c6aed241a79d9309e1fb640ee3e19,2021-10-04,false,0.08,339.32,transfer from ether_ghosts_owner,0,eth,0,0,0,4241.5,,4241.1844429850635,in,normal
0x5042fee4ce5c6aed241a79d9309e1fb640ee3e19,0x0d3813d9855c705e3d26eef9bc5b0e7802fd24d23e2c3a6d491936d5031a5d36,13356947,0x5042fee4ce5c6aed241a79d9309e1fb640ee3e19,0x63ad7cd8ad28102aaee0d6abd538e60c9cacc22a,2021-10-05,false,-0.05,-219.89499999999998,transfer to ether_ghosts_contract,0,eth,0.028981512673485078,127.45779458672001,-7.835777850746808,4397.9,,4241.1844429850635,out,normal
0x5042fee4ce5c6aed241a79d9309e1fb640ee3e19,0x0d3813d9855c705e3d26eef9bc5b0e7802fd24d23e2c3a6d491936d5031a5d36,13356947,0x63ad7cd8ad28102aaee0d6abd538e60c9cacc22a,0x5042fee4ce5c6aed241a79d9309e1fb640ee3e19,2021-10-05,false,0.05,219.89499999999998,transfer from ether_ghosts_contract,0,eth,0,0,0,4397.9,,4285.099994638264,in,internal
0x5042fee4ce5c6aed241a79d9309e1fb640ee3e19,0x1ea5306e77fa006cdbe701b3091614eb2ea2827b53f9990e84343d50fe2323b1,13356948,0x5042fee4ce5c6aed241a79d9309e1fb640ee3e19,0x63ad7cd8ad28102aaee0d6abd538e60c9cacc22a,2021-10-05,false,-0.05,-219.89499999999998,transfer to ether_ghosts_contract,0,eth,0.03252583118208016,143.04535295567032,-5.6400002680867605,4397.9,,4285.099994638264,out,normal
0x5042fee4ce5c6aed241a79d9309e1fb640ee3e19,0x1ea5306e77fa006cdbe701b3091614eb2ea2827b53f9990e84343d50fe2323b1,13356948,0x63ad7cd8ad28102aaee0d6abd538e60c9cacc22a,0x5042fee4ce5c6aed241a79d9309e1fb640ee3e19,2021-10-05,false,0.05,219.89499999999998,transfer from ether_ghosts_contract,0,eth,0,0,0,4397.9,,4323.755952332666,in,internal
0x5042fee4ce5c6aed241a79d9309e1fb640ee3e19,0xc5d4931eb9ced642c98308b072b68ce24a02a602c1adeff6c2385faf81c5ea76,13356964,0x5042fee4ce5c6aed241a79d9309e1fb640ee3e19,0x63ad7cd8ad28102aaee0d6abd538e60c9cacc22a,2021-10-05,false,-0.05,-219.89499999999998,transfer to ether_ghosts_contract,0,eth,0.015101754868123759,66.41600773452147,-3.7072023833666665,4397.9,,4323.755952332666,out,normal
0x5042fee4ce5c6aed241a79d9309e1fb640ee3e19,0xc5d4931eb9ced642c98308b072b68ce24a02a602c1adeff6c2385faf81c5ea76,13356964,0x63ad7cd8ad28102aaee0d6abd538e60c9cacc22a,0x5042fee4ce5c6aed241a79d9309e1fb640ee3e19,2021-10-05,false,0.05,219.89499999999998,transfer from ether_ghosts_contract,0,eth,0,0,0,4397.9,,4352.098319197071,in,internal
0x5042fee4ce5c6aed241a79d9309e1fb640ee3e19,0xa0cb7300256d2376dec465ffe8da851b344c46c263aa0fce1beadd988a8f106f,13356966,0x5042fee4ce5c6aed241a79d9309e1fb640ee3e19,0x63ad7cd8ad28102aaee0d6abd538e60c9cacc22a,2021-10-05,false,-0.05,-219.89499999999998,transfer to ether_ghosts_contract,0,eth,0.01458919124146739,64.16180416084943,-2.2900840401464393,4397.9,,4352.098319197071,out,normal
0x5042fee4ce5c6aed241a79d9309e1fb640ee3e19,0xa0cb7300256d2376dec465ffe8da851b344c46c263aa0fce1beadd988a8f106f,13356966,0x63ad7cd8ad28102aaee0d6abd538e60c9cacc22a,0x5042fee4ce5c6aed241a79d9309e1fb640ee3e19,2021-10-05,false,0.05,219.89499999999998,transfer from ether_ghosts_contract,0,eth,0,0,0,4397.9,,4371.8044848259915,in,internal
0x5042fee4ce5c6aed241a79d9309e1fb640ee3e19,0xf7ab98df12fd34c43cbb7c94ade280bf4c5161dcaac81658cd407f91d0408285,13356972,0x5042fee4ce5c6aed241a79d9309e1fb640ee3e19,0x63ad7cd8ad28102aaee0d6abd538e60c9cacc22a,2021-10-05,false,-0.05,-219.89499999999998,transfer to ether_ghosts_contract,0,eth,0.015404458389906488,67.74726755296975,-1.3047757587004072,4397.9,,4371.8044848259915,out,normal
0x5042fee4ce5c6aed241a79d9309e1fb640ee3e19,0xf7ab98df12fd34c43cbb7c94ade280bf4c5161dcaac81658cd407f91d0408285,13356972,0x63ad7cd8ad28102aaee0d6abd538e60c9cacc22a,0x5042fee4ce5c6aed241a79d9309e1fb640ee3e19,2021-10-05,false,0.05,219.89499999999998,transfer from ether_ghosts_contract,0,eth,0,0,0,4397.9,,4384.747776756257,in,internal
0x5042fee4ce5c6aed241a79d9309e1fb640ee3e19,0x6cefa6efd9685cf588ff5e87bac43f3c7676926814b4d243df58d18a1764b32a,13356976,0x5042fee4ce5c6aed241a79d9309e1fb640ee3e19,0x63ad7cd8ad28102aaee0d6abd538e60c9cacc22a,2021-10-05,false,-0.05,-219.89499999999998,transfer to ether_ghosts_contract,0,eth,0.015432361265590309,67.86998160993961,-0.6576111621871406,4397.9,,4384.747776756257,out,normal
0x5042fee4ce5c6aed241a79d9309e1fb640ee3e19,0x6cefa6efd9685cf588ff5e87bac43f3c7676926814b4d243df58d18a1764b32a,13356976,0x63ad7cd8ad28102aaee0d6abd538e60c9cacc22a,0x5042fee4ce5c6aed241a79d9309e1fb640ee3e19,2021-10-05,false,0.05,219.89499999999998,transfer from ether_ghosts_contract,0,eth,0,0,0,4397.9,,4392.450417759272,in,internal
0x5042fee4ce5c6aed241a79d9309e1fb640ee3e19,0xb6f0e8d34f6d7cceee53d8beb4d1ffb251256ea482f4ffdfe9c0e63356e6c4f0,13356977,0x5042fee4ce5c6aed241a79d9309e1fb640ee3e19,0x63ad7cd8ad28102aaee0d6abd538e60c9cacc22a,2021-10-05,false,-0.05,-219.89499999999998,transfer to ether_ghosts_contract,0,eth,0.016018619550158836,70.44828691964354,-0.2724791120363989,4397.9,,4392.450417759272,out,normal
0x5042fee4ce5c6aed241a79d9309e1fb640ee3e19,0xb6f0e8d34f6d7cceee53d8beb4d1ffb251256ea482f4ffdfe9c0e63356e6c4f0,13356977,0x63ad7cd8ad28102aaee0d6abd538e60c9cacc22a,0x5042fee4ce5c6aed241a79d9309e1fb640ee3e19,2021-10-05,false,0.05,219.89499999999998,transfer from ether_ghosts_contract,0,eth,0,0,0,4397.9,,4396.379109245247,in,internal
0x5042fee4ce5c6aed241a79d9309e1fb640ee3e19,0xbf878b73a2a5dd7f1d5b83a3cb69542d7c57477a89f435b08eb0478c671a4a6d,13358923,0xa239c13c054e498b9be633262574862676d73f7f,0x5042fee4ce5c6aed241a79d9309e1fb640ee3e19,2021-10-05,false,0.131,576.1249,transfer from ether_ghosts_owner,0,eth,0,0,0,4397.9,,4397.37352000227,in,normal
0x5042fee4ce5c6aed241a79d9309e1fb640ee3e19,0x982bf363d69e8b135fcbd4714f0f9dd543388c82b3e95b3419515677fdc7c3d2,13358948,0x5042fee4ce5c6aed241a79d9309e1fb640ee3e19,0x63ad7cd8ad28102aaee0d6abd538e60c9cacc22a,2021-10-05,false,-0.05,-219.89499999999998,transfer to ether_ghosts_contract,0,eth,0.020142088616874016,88.58289152815023,-0.026323999886471938,4397.9,,4397.37352000227,out,normal
0x5042fee4ce5c6aed241a79d9309e1fb640ee3e19,0x982bf363d69e8b135fcbd4714f0f9dd543388c82b3e95b3419515677fdc7c3d2,13358948,0x63ad7cd8ad28102aaee0d6abd538e60c9cacc22a,0x5042fee4ce5c6aed241a79d9309e1fb640ee3e19,2021-10-05,false,0.05,219.89499999999998,transfer from ether_ghosts_contract,0,eth,0,0,0,4397.9,,4397.519588344495,in,internal
0x5042fee4ce5c6aed241a79d9309e1fb640ee3e19,0x31fa5aa741a142c332f9e4e059ec3655861d9f9e831774c6e799cee055c23397,13358949,0x5042fee4ce5c6aed241a79d9309e1fb640ee3e19,0x63ad7cd8ad28102aaee0d6abd538e60c9cacc22a,2021-10-05,false,-0.05,-219.89499999999998,transfer to ether_ghosts_contract,0,eth,0.020104029417670113,88.41551097597139,-0.019020582775237927,4397.9,,4397.519588344495,out,normal
0x5042fee4ce5c6aed241a79d9309e1fb640ee3e19,0x31fa5aa741a142c332f9e4e059ec3655861d9f9e831774c6e799cee055c23397,13358949,0x63ad7cd8ad28102aaee0d6abd538e60c9cacc22a,0x5042fee4ce5c6aed241a79d9309e1fb640ee3e19,2021-10-05,false,0.05,219.89499999999998,transfer from ether_ghosts_contract,0,eth,0,0,0,4397.9,,4397.638382589576,in,internal
0x5042fee4ce5c6aed241a79d9309e1fb640ee3e19,0x606434700e03020220434d1ba35f364b779d3551052dc6be7203cc11e80e7cf2,13358953,0x5042fee4ce5c6aed241a79d9309e1fb640ee3e19,0x63ad7cd8ad28102aaee0d6abd538e60c9cacc22a,2021-10-05,false,-0.05,-219.89499999999998,transfer to ether_ghosts_contract,0,eth,0.010780961941801732,47.413592523849836,-0.01308087052116207,4397.9,,4397.638382589576,out,normal
0x5042fee4ce5c6aed241a79d9309e1fb640ee3e19,0x606434700e03020220434d1ba35f364b779d3551052dc6be7203cc11e80e7cf2,13358953,0x63ad7cd8ad28102aaee0d6abd538e60c9cacc22a,0x5042fee4ce5c6aed241a79d9309e1fb640ee3e19,2021-10-05,false,0.05,219.89499999999998,transfer from ether_ghosts_contract,0,eth,0,0,0,4397.9,,4397.7259772968755,in,internal
0x5042fee4ce5c6aed241a79d9309e1fb640ee3e19,0x558e69de278bf135509ff6b36ae4b83224234f8cc44958bd6616ea56caed511d,13358954,0x5042fee4ce5c6aed241a79d9309e1fb640ee3e19,0x63ad7cd8ad28102aaee0d6abd538e60c9cacc22a,2021-10-05,false,-0.05,-219.89499999999998,transfer to ether_ghosts_contract,0,eth,0.021242330164696708,93.42164383131964,-0.008701135156206874,4397.9,,4397.7259772968755,out,normal
0x5042fee4ce5c6aed241a79d9309e1fb640ee3e19,0x558e69de278bf135509ff6b36ae4b83224234f8cc44958bd6616ea56caed511d,13358954,0x63ad7cd8ad28102aaee0d6abd538e60c9cacc22a,0x5042fee4ce5c6aed241a79d9309e1fb640ee3e19,2021-10-05,false,0.05,219.89499999999998,transfer from ether_ghosts_contract,0,eth,0,0,0,4397.9,,4397.793905480529,in,internal
0x5042fee4ce5c6aed241a79d9309e1fb640ee3e19,0x6c387dcc65cc4caeffc544a30737598435256a34b6c5c0358e937482154dead9,13358991,0x5042fee4ce5c6aed241a79d9309e1fb640ee3e19,0x63ad7cd8ad28102aaee0d6abd538e60c9cacc22a,2021-10-05,false,-0.05,-219.89499999999998,transfer to ether_ghosts_contract,0,eth,0.01872045538601327,82.33069074214775,-0.005304725973519453,4397.9,,4397.793905480529,out,normal
0x5042fee4ce5c6aed241a79d9309e1fb640ee3e19,0x6c387dcc65cc4caeffc544a30737598435256a34b6c5c0358e937482154dead9,13358991,0x63ad7cd8ad28102aaee0d6abd538e60c9cacc22a,0x5042fee4ce5c6aed241a79d9309e1fb640ee3e19,2021-10-05,false,0.05,219.89499999999998,transfer from ether_ghosts_contract,0,eth,0,0,0,4397.9,,4397.84240570363,in,internal
0x5042fee4ce5c6aed241a79d9309e1fb640ee3e19,0xfa66693dd1e31ec2631fa4b5ab222603a8347f798b8fd0063612883934d29bc2,13360286,0x5042fee4ce5c6aed241a79d9309e1fb640ee3e19,0x63ad7cd8ad28102aaee0d6abd538e60c9cacc22a,2021-10-05,false,-0.05,-219.89499999999998,transfer to ether_ghosts_contract,0,eth,0.030336212870873912,133.41563058481637,-0.002879714818482171,4397.9,,4397.84240570363,out,normal
0x5042fee4ce5c6aed241a79d9309e1fb640ee3e19,0xfa66693dd1e31ec2631fa4b5ab222603a8347f798b8fd0063612883934d29bc2,13360286,0x63ad7cd8ad28102aaee0d6abd538e60c9cacc22a,0x5042fee4ce5c6aed241a79d9309e1fb640ee3e19,2021-10-05,false,0.05,219.89499999999998,transfer from ether_ghosts_contract,0,eth,0,0,0,4397.9,,4397.878838383385,in,internal
0x5042fee4ce5c6aed241a79d9309e1fb640ee3e19,0x7884ceb1b30a6d3bd1e05638a17684ef468576b64d169c3bd44a5dca2207c0cf,13360762,0xa239c13c054e498b9be633262574862676d73f7f,0x5042fee4ce5c6aed241a79d9309e1fb640ee3e19,2021-10-05,false,0.13,571.727,transfer from ether_ghosts_owner,0,eth,0,0,0,4397.9,,4397.891997117751,in,normal
0x5042fee4ce5c6aed241a79d9309e1fb640ee3e19,0x00997d152323ba37b356f30099a8b8d16c8d9e24cb8ea2bfa464c3e23941c234,13362471,0x5042fee4ce5c6aed241a79d9309e1fb640ee3e19,0x63ad7cd8ad28102aaee0d6abd538e60c9cacc22a,2021-10-06,false,-0.05,-223.6515,transfer to ether_ghosts_contract,0,eth,0.01656455349232821,74.09374470778884,-3.756900144112433,4473.03,,4397.891997117751,out,normal
0x5042fee4ce5c6aed241a79d9309e1fb640ee3e19,0x00997d152323ba37b356f30099a8b8d16c8d9e24cb8ea2bfa464c3e23941c234,13362471,0x63ad7cd8ad28102aaee0d6abd538e60c9cacc22a,0x5042fee4ce5c6aed241a79d9309e1fb640ee3e19,2021-10-06,false,0.05,223.6515,transfer from ether_ghosts_contract,0,eth,0,0,0,4473.03,,4417.411862024658,in,internal
0x5042fee4ce5c6aed241a79d9309e1fb640ee3e19,0xefcb769c426209fb7703af82c5661a2d25547686019fe74d0e174f73510329a1,13362476,0x5042fee4ce5c6aed241a79d9309e1fb640ee3e19,0x63ad7cd8ad28102aaee0d6abd538e60c9cacc22a,2021-10-06,false,-0.05,-223.6515,transfer to ether_ghosts_contract,0,eth,0.015106147447894345,67.57025071885484,-2.78090689876708,4473.03,,4417.411862024658,out,normal
0x5042fee4ce5c6aed241a79d9309e1fb640ee3e19,0xefcb769c426209fb7703af82c5661a2d25547686019fe74d0e174f73510329a1,13362476,0x63ad7cd8ad28102aaee0d6abd538e60c9cacc22a,0x5042fee4ce5c6aed241a79d9309e1fb640ee3e19,2021-10-06,false,0.05,223.6515,transfer from ether_ghosts_contract,0,eth,0,0,0,4473.03,,4433.09136865191,in,internal
0x5042fee4ce5c6aed241a79d9309e1fb640ee3e19,0xf20fdc6100a91ac6bf6f1c69fbb05172256f764438362bd2e9b1158ee8252f65,13368812,0x5042fee4ce5c6aed241a79d9309e1fb640ee3e19,0x63ad7cd8ad28102aaee0d6abd538e60c9cacc22a,2021-10-07,false,-0.05,-223.6005,transfer to ether_ghosts_contract,0,eth,0.021002834609080034,93.924886400152,-1.945931567404523,4472.01,,4433.09136865191,out,normal
0x5042fee4ce5c6aed241a79d9309e1fb640ee3e19,0xf20fdc6100a91ac6bf6f1c69fbb05172256f764438362bd2e9b1158ee8252f65,13368812,0x63ad7cd8ad28102aaee0d6abd538e60c9cacc22a,0x5042fee4ce5c6aed241a79d9309e1fb640ee3e19,2021-10-07,false,0.05,223.6005,transfer from ether_ghosts_contract,0,eth,0,0,0,4472.01,,4445.536847067351,in,internal
0x5042fee4ce5c6aed241a79d9309e1fb640ee3e19,0xf379301ebc36b3cfb569689dedd3f914233a12c320e3829b97b7cd2181088f12,13368816,0x5042fee4ce5c6aed241a79d9309e1fb640ee3e19,0x63ad7cd8ad28102aaee0d6abd538e60c9cacc22a,2021-10-07,false,-0.05,-223.6005,transfer to ether_ghosts_contract,0,eth,0.021047628375044848,94.12520456948431,-1.323657646632455,4472.01,,4445.536847067351,out,normal
0x5042fee4ce5c6aed241a79d9309e1fb640ee3e19,0xf379301ebc36b3cfb569689dedd3f914233a12c320e3829b97b7cd2181088f12,13368816,0x63ad7cd8ad28102aaee0d6abd538e60c9cacc22a,0x5042fee4ce5c6aed241a79d9309e1fb640ee3e19,2021-10-07,false,0.05,223.6005,transfer from ether_ghosts_contract,0,eth,0,0,0,4472.01,,4455.319335377996,in,internal
0x5042fee4ce5c6aed241a79d9309e1fb640ee3e19,0xcafa6bfb8037babe2349238ef08e4ebad44ad59ad8d3b58b3e4abf40af71308a,13368828,0x5042fee4ce5c6aed241a79d9309e1fb640ee3e19,0x63ad7cd8ad28102aaee0d6abd538e60c9cacc22a,2021-10-07,false,-0.05,-223.6005,transfer to ether_ghosts_contract,0,eth,0.01871962178344292,83.71433581177457,-0.8345332311002039,4472.01,,4455.319335377996,out,normal
0x5042fee4ce5c6aed241a79d9309e1fb640ee3e19,0xcafa6bfb8037babe2349238ef08e4ebad44ad59ad8d3b58b3e4abf40af71308a,13368828,0x63ad7cd8ad28102aaee0d6abd538e60c9cacc22a,0x5042fee4ce5c6aed241a79d9309e1fb640ee3e19,2021-10-07,false,0.05,223.6005,transfer from ether_ghosts_contract,0,eth,0,0,0,4472.01,,4462.477224906959,in,internal
0x5042fee4ce5c6aed241a79d9309e1fb640ee3e19,0x3fd3e502d7ca046e9e26e997f4bc689c5020d8d46ba3843b4485770af5b8207b,13368834,0x5042fee4ce5c6aed241a79d9309e1fb640ee3e19,0x63ad7cd8ad28102aaee0d6abd538e60c9cacc22a,2021-10-07,false,-0.05,-223.6005,transfer to ether_ghosts_contract,0,eth,0.018036313453890215,80.65857412893159,-0.47663875465204913,4472.01,,4462.477224906959,out,normal
0x5042fee4ce5c6aed241a79d9309e1fb640ee3e19,0x3fd3e502d7ca046e9e26e997f4bc689c5020d8d46ba3843b4485770af5b8207b,13368834,0x63ad7cd8ad28102aaee0d6abd538e60c9cacc22a,0x5042fee4ce5c6aed241a79d9309e1fb640ee3e19,2021-10-07,false,0.05,223.6005,transfer from ether_ghosts_contract,0,eth,0,0,0,4472.01,,4467.313594587214,in,internal
0x5042fee4ce5c6aed241a79d9309e1fb640ee3e19,0x8a5432ac083987e05dd68bd602bc4dea63b82ec3982319cf112e6540fb313bd0,13374446,0xa239c13c054e498b9be633262574862676d73f7f,0x5042fee4ce5c6aed241a79d9309e1fb640ee3e19,2021-10-07,false,0.13,581.3613,transfer from ether_ghosts_owner,0,eth,0,0,0,4472.01,,4469.984889630038,in,normal
0x5042fee4ce5c6aed241a79d9309e1fb640ee3e19,0xc660eecec9ede968ece6ac2622693d9d6435535e458b93197d715b72760bec5d,13375546,0x5042fee4ce5c6aed241a79d9309e1fb640ee3e19,0x63ad7cd8ad28102aaee0d6abd538e60c9cacc22a,2021-10-08,false,-0.05,-221.88400000000001,transfer to ether_ghosts_contract,0,eth,0.03033605476190035,134.62170349578994,1.6152444815018954,4437.68,,4469.984889630038,out,normal
0x5042fee4ce5c6aed241a79d9309e1fb640ee3e19,0xc660eecec9ede968ece6ac2622693d9d6435535e458b93197d715b72760bec5d,13375546,0x63ad7cd8ad28102aaee0d6abd538e60c9cacc22a,0x5042fee4ce5c6aed241a79d9309e1fb640ee3e19,2021-10-08,false,0.05,221.88400000000001,transfer from ether_ghosts_contract,0,eth,0,0,0,4437.68,,4461.836011865765,in,internal
0x5042fee4ce5c6aed241a79d9309e1fb640ee3e19,0xedb012daa35bade986e46d676e2c85834970e18b015153001a6fccbfc1ca11ff,13375549,0x5042fee4ce5c6aed241a79d9309e1fb640ee3e19,0x63ad7cd8ad28102aaee0d6abd538e60c9cacc22a,2021-10-08,false,-0.05,-221.88400000000001,transfer to ether_ghosts_contract,0,eth,0.02716449396664608,120.54733158590598,1.2078005932882208,4437.68,,4461.836011865765,out,normal
0x5042fee4ce5c6aed241a79d9309e1fb640ee3e19,0xedb012daa35bade986e46d676e2c85834970e18b015153001a6fccbfc1ca11ff,13375549,0x63ad7cd8ad28102aaee0d6abd538e60c9cacc22a,0x5042fee4ce5c6aed241a79d9309e1fb640ee3e19,2021-10-08,false,0.05,221.88400000000001,transfer from ether_ghosts_contract,0,eth,0,0,0,4437.68,,4454.775010037271,in,internal
0x5042fee4ce5c6aed241a79d9309e1fb640ee3e19,0xd1103737d39af6e908d1e7c583e97a46af483e79e8771c6fbc9a272df7dd3975,13375552,0x5042fee4ce5c6aed241a79d9309e1fb640ee3e19,0x63ad7cd8ad28102aaee0d6abd538e60c9cacc22a,2021-10-08,false,-0.05,-221.88400000000001,transfer to ether_ghosts_contract,0,eth,0.017519647145066587,77.7465877427191,0.8547505018635548,4437.68,,4454.775010037271,out,normal
0x5042fee4ce5c6aed241a79d9309e1fb640ee3e19,0xd1103737d39af6e908d1e7c583e97a46af483e79e8771c6fbc9a272df7dd3975,13375552,0x63ad7cd8ad28102aaee0d6abd538e60c9cacc22a,0x5042fee4ce5c6aed241a79d9309e1fb640ee3e19,2021-10-08,false,0.05,221.88400000000001,transfer from ether_ghosts_contract,0,eth,0,0,0,4437.68,,4449.20778647039,in,internal
0x5042fee4ce5c6aed241a79d9309e1fb640ee3e19,0x000a17787b7a716aaf8fe2de18b01a9a49e45cf9410c3b7cb5199d66d5898698,13375558,0x5042fee4ce5c6aed241a79d9309e1fb640ee3e19,0x63ad7cd8ad28102aaee0d6abd538e60c9cacc22a,2021-10-08,false,-0.05,-221.88400000000001,transfer to ether_ghosts_contract,0,eth,0.016689788155280428,74.06393910092486,0.57638932351947,4437.68,,4449.20778647039,out,normal
0x5042fee4ce5c6aed241a79d9309e1fb640ee3e19,0x000a17787b7a716aaf8fe2de18b01a9a49e45cf9410c3b7cb5199d66d5898698,13375558,0x63ad7cd8ad28102aaee0d6abd538e60c9cacc22a,0x5042fee4ce5c6aed241a79d9309e1fb640ee3e19,2021-10-08,false,0.05,221.88400000000001,transfer from ether_ghosts_contract,0,eth,0,0,0,4437.68,,4444.995732671457,in,internal
0x5042fee4ce5c6aed241a79d9309e1fb640ee3e19,0xcaed26e1306b9794d5276efcd398e2c4e6578d80c0c1664035826ace89160b90,13375559,0x5042fee4ce5c6aed241a79d9309e1fb640ee3e19,0x63ad7cd8ad28102aaee0d6abd538e60c9cacc22a,2021-10-08,false,-0.05,-221.88400000000001,transfer to ether_ghosts_contract,0,eth,0.01872314906130323,83.08734412636413,0.3657866335728159,4437.68,,4444.995732671457,out,normal
0x5042fee4ce5c6aed241a79d9309e1fb640ee3e19,0x43c9157d78071762d35d7a60a8e8c54629dd6ece2c7606e62e5acfef5ae70d66,13375559,0x5042fee4ce5c6aed241a79d9309e1fb640ee3e19,0x63ad7cd8ad28102aaee0d6abd538e60c9cacc22a,2021-10-08,false,-0.05,-221.88400000000001,transfer to ether_ghosts_contract,0,eth,0.01872314906130323,83.08734412636413,0.3657866335728159,4437.68,,4444.995732671457,out,normal
0x5042fee4ce5c6aed241a79d9309e1fb640ee3e19,0xcaed26e1306b9794d5276efcd398e2c4e6578d80c0c1664035826ace89160b90,13375559,0x63ad7cd8ad28102aaee0d6abd538e60c9cacc22a,0x5042fee4ce5c6aed241a79d9309e1fb640ee3e19,2021-10-08,false,0.05,221.88400000000001,transfer from ether_ghosts_contract,0,eth,0,0,0,4437.68,,4437.590630540909,in,internal
0x5042fee4ce5c6aed241a79d9309e1fb640ee3e19,0x43c9157d78071762d35d7a60a8e8c54629dd6ece2c7606e62e5acfef5ae70d66,13375559,0x63ad7cd8ad28102aaee0d6abd538e60c9cacc22a,0x5042fee4ce5c6aed241a79d9309e1fb640ee3e19,2021-10-08,false,0.05,221.88400000000001,transfer from ether_ghosts_contract,0,eth,0,0,0,4437.68,,4437.635582057557,in,internal
0x5042fee4ce5c6aed241a79d9309e1fb640ee3e19,0x4065eb363b69aed7e466bcc97ba01d04b392936dd6aba13f3dfa40ac8972a20f,13378700,0x5042fee4ce5c6aed241a79d9309e1fb640ee3e19,0xa239c13c054e498b9be633262574862676d73f7f,2021-10-08,false,-0.09716743181484715,-431.1979688161109,transfer to ether_ghosts_owner,0,eth,0.001982106769146,8.795955567303821,-0.004315977393689224,4437.68,,4437.635582057557,out,normal
SUMMARY
Wallet :,ether_ghosts_buyer_3
,eth,cad 
total in, 4.336699999999994, 18642.785664000003
total expenses, 0.005452910302130132, -18545.764755467386
total profit, -0.0057, -84.0301416831901
alexis profit, -0.0057, -50.48512800000001
turcotte profit, 0, 0
lafleur profit, 0, 0
